form_name,packet,question,var_name,missingness,conformity,response_labels,data_type
F2,CV,0G. F2 - Form date,FRMDATEF2,Always,mm/dd/yyyy or yyyy/mm/dd,,Date
F2,CV,OH. F2 - In-person or remote?,MODEF2,Always,Integers 1-2,"1, In-person|2, Remote",Integer
F2,CV,0J. F2 - Examiner's initials,INITIALSF2,No,Any text,,String
F2,CV,OK. Is the participant's CDR® > 0.5?,C19CDR,Always,Integers 0-1,"0, No|1, Yes",Integer
F2,CV,OL. Who will be filling in the F2 Participant form?,C19F2CP,Always,Integers 1-3,"1, Participant|2, Co-participant |3, Clinician",Integer
F2,CV,OM. How are you administering the F2 form?,C19F2D,Always,Integers 1-4,"1, In-person electronic|2, In-person printed form|3, Email |4, Mail",Integer
F2,CV,"1. During the COVID-19 pandemic, have you tested positive for COVID-19 and/or were diagnosed with COVID-19 by a healthcare provider?",C19DIAG,Always,"Integers 0-2, 8-9","0, No|1, Yes, based on a positive test for acute infection|2, Yes, presumed COVID-19 diagnosis by healthcare provider but not tested|8, Decline to answer|9, Unsure/unknown",Integer
F2,CV,"2. During the COVID-19 pandemic, have you experienced new or worsening symptoms (see below) that led you to think you had COVID-19 (novel coronavirus) such as fever, cough, difficulty breathing, persistent pain or pressure in the chest, chills, repeated shaking with chills, muscle pain, headache, sore throat, new loss of taste or smell, new confusion or inability to arouse, or bluish lips or face?",C19SYMPT,Conditional (e.g. skip pattern),"Integers 0-2, 8-9","0, No|1, Yes|2, Other|8, Decline to answer|9, Unsure/unknown",Integer
F2,CV,2a. Other specify,C19SYOTX,Conditional (e.g. skip pattern),text,,String
F2,CV,3. Have you ever been tested for acute COVID-19 infection?,C19TESTED,Conditional (e.g. skip pattern),"Integers 1-4, 8, 9","1, No, not tested (wanted to but unable)|2, No, not tested (did not want to get tested)|3, Yes, I was tested once|4, Yes, I was tested more than once|8, Decline to answer|9, Unsure/unknown",Integer
F2,CV,"4. If 100% is feeling perfectly normal (fully recovered from your COVID-19 symptoms),
what percent of normal do you feel?",C19NORM,Conditional (e.g. skip pattern),0-100,"0, 0|1, 1|2, 2|3, 3|4, 4|5, 5|6, 6|7, 7|8, 8|9, 9|10, 10|11, 11|12, 12|13, 13|14, 14|15, 15|16, 16|17, 17|18, 18|19, 19|20, 20|21, 21|22, 22|23, 23|24, 24|25, 25|26, 26|27, 27|28, 28|29, 29|30, 30|31, 31|32, 32|33, 33|34, 34|35, 35|36, 36|37, 37|38, 38|39, 39|40, 40|41, 41|42, 42|43, 43|44, 44|45, 45|46, 46|47, 47|48, 48|49, 49|50, 50|51, 51|52, 52|53, 53|54, 54|55, 55|56, 56|57, 57|58, 58|59, 59|60, 60|61, 61|62, 62|63, 63|64, 64|65, 65|66, 66|67, 67|68, 68|69, 69|70, 70|71, 71|72, 72|73, 73|74, 74|75, 75|76, 76|77, 77|78, 78|79, 79|80, 80|81, 81|82, 82|83, 83|84, 84|85, 85|86, 86|87, 87|88, 88|89, 89|90, 90|91, 91|92, 92|93, 93|94, 94|95, 95|96, 96|97, 97|98, 98|99, 99|100, 100",Integer
F2,CV,"4a. If not 100%, why are you not feeling perfectly normal?",C19NORMX,Conditional (e.g. skip pattern),text,,String
F2,CV,"5. Over the past month, how often did symptoms from past or current COVID-19 infection(s) affect your daily life?",C19SYMAF,Conditional (e.g. skip pattern),"Integers 1-5, 8","1, Never|2, Seldom (1-2 days per week)|3, Sometimes (3-4 days per week)|4, Often (5-6 days per week)|5, Everyday |8, Decline to answer",Integer
F2,CV,6. How many times have you been diagnosed with COVID-19 infection (distinct episodes of infection)?,C19NDIAG,Conditional (e.g. skip pattern),"Integers 1-3, 9","1, Once|2, Twice|3, Three or more times|9, Unsure/unknown",Integer
F2,CV,6a1. When did your first COVID-19 infection begin: month?,C19INF1BMO,Conditional (e.g. skip pattern),"Integers 1-12, 88, 99","1, 1|2, 2|3, 3|4, 4|5, 5|6, 6|7, 7|8, 8|9, 9|10, 10|11, 11|12, 12|88, 88 = Decline to answer|99, 99 = Unknown",Integer
F2,CV,6a2. When did your first COVID-19 infection begin: year?,C19INF1BYR,Conditional (e.g. skip pattern),"2019 to current year, 8888, 9999","2019 to current year|8888, 8888 = Decline to answer|9999, 9999 = Unknown",Integer
F2,CV,6b. What was the duration of symptoms from your first COVID-19 infection?,C19SMDUR1,Conditional (e.g. skip pattern),"Integers 0-5, 8","0, Never had symptoms|1, < 1 week|2, 1-2 weeks |3, 2-4 weeks|4, >4 weeks |5, Not yet recovered (symptoms persist to the present) |8, Decline to answer",Integer
F2,CV,6c1. When did your most recent COVID-19 infection begin: month?,C19INFRBMO,Conditional (e.g. skip pattern),"Integers 1-12, 88, 99","1, 1|2, 2|3, 3|4, 4|5, 5|6, 6|7, 7|8, 8|9, 9|10, 10|11, 11|12, 12|88, 88 = Decline to answer|99, 99 = Unknown",Integer
F2,CV,6c2. When did your most recent COVID-19 infection begin: year?,C19INFRBYR,Conditional (e.g. skip pattern),"2019 to current year, 8888, 9999","2019 to current year|8888, 8888 = Decline to answer|9999, 9999 = Unknown",Integer
F2,CV,6d. What was the duration of symptoms from your most recent COVID-19 infection?,C19SMDURR,Conditional (e.g. skip pattern),"Integers 0-5, 8","0, Never had symptoms|1, < 1 week|2, 1-2 weeks |3, 2-4 weeks|4, >4 weeks |5, Not yet recovered (symptoms persist to the present) |8, Decline to answer",Integer
F2,CV,"7. During any of your COVID-19 infections, did you lose the ability to smell or taste, experience lower ability to determine smells or tastes, or experience episodes of unprovoked, unfamiliar, or strange smells or tastes?",C19ANOS,Conditional (e.g. skip pattern),"Integers 0, 1, 8, 9","0, No|1, Yes|8, Decline to answer|9, Unsure/unknown",Integer
F2,CV,7a1. When did you first experience changes in smell or taste: month?,C19ANOSBMO,Conditional (e.g. skip pattern),"Integers 1-12, 88, 99","1, 1|2, 2|3, 3|4, 4|5, 5|6, 6|7, 7|8, 8|9, 9|10, 10|11, 11|12, 12|88, 88 = Decline to answer|99, 99 = Unknown",Integer
F2,CV,7a2. When did you first experience changes in smell or taste: year?,C19ANOSBYR,Conditional (e.g. skip pattern),"2019 to current year, 8888, 9999","2019 to current year|8888, 8888 = Decline to answer|9999, 9999 = Unknown",Integer
F2,CV,7b. How long did it take to recover smell and taste fully?,C19ANOSDUR,Conditional (e.g. skip pattern),"Integers 1-5, 8","1, < 1 week|2, 1-2 weeks |3, 2-4 weeks|4, >4 weeks |5, Not yet recovered (symptoms persist to the present) |8, Decline to answer",Integer
F2,CV,"8. During any of your COVID-19 infections, did you experience new problems with thinking, remembering,
or concentration (e.g., brain fog)?",C19BRF,Conditional (e.g. skip pattern),"Integers 0, 1, 8, 9","0, No|1, Yes|8, Decline to answer|9, Unsure/unknown",Integer
F2,CV,"8a1. When did you first experience changes in thinking, remembering, or concentration: month?",C19BRFBMO,Conditional (e.g. skip pattern),"Integers 1-12, 88, 99","1, 1|2, 2|3, 3|4, 4|5, 5|6, 6|7, 7|8, 8|9, 9|10, 10|11, 11|12, 12|88, 88 = Decline to answer|99, 99 = Unknown",Integer
F2,CV,"8a2. When did you first experience changes in thinking, remembering, or concentration: year?",C19BRFBYR,Conditional (e.g. skip pattern),"2019 to current year, 8888, 9999","2019 to current year|8888, 8888 = Decline to answer|9999, 9999 = Unknown",Integer
F2,CV,"8b. How long did it take to recover changes in thinking, remembering, or concentration?",C19BRFDUR,Conditional (e.g. skip pattern),"Integers 1-5, 8","1, < 1 week|2, 1-2 weeks |3, 2-4 weeks|4, >4 weeks |5, Not yet recovered (symptoms persist to the present) |8, Decline to answer",Integer
F2,CV,9. Did you ever seek medical care for COVID-19?,C19MEDC,Conditional (e.g. skip pattern),"Integers 0, 1, 8, 9","0, No|1, Yes|8, Decline to answer|9, Unsure/unknown",Integer
F2,CV,"9a. Did you receive any type of outpatient treatment for your COVID-19 infection such as monoclonal antibody treatment, oral antiviral, subcutaneous injection of antiviral, or other treatment?",C19OPATR,Conditional (e.g. skip pattern),"Integers 0, 1, 8, 9","0, No|1, Yes|8, Decline to answer|9, Unsure/unknown",Integer
F2,CV,9a1a. When did you receive this outpatient treatment: month?,C19OPATRMO,Conditional (e.g. skip pattern),"Integers 1-12, 88, 99","1, 1|2, 2|3, 3|4, 4|5, 5|6, 6|7, 7|8, 8|9, 9|10, 10|11, 11|12, 12|88, 88 = Decline to answer|99, 99 = Unknown",Integer
F2,CV,9a1b. When did you receive this outpatient treatment: year?,C19OPATRYR,Conditional (e.g. skip pattern),"2019 to current year, 8888, 9999","2019 to current year|8888, 8888 = Decline to answer|9999, 9999 = Unknown",Integer
F2,CV,9b. What was the highest level of medical care you received for COVID-19?,C19MEDCTYP,Conditional (e.g. skip pattern),"Integers 1-5, 8, 9","1,Phone consultation or virtual care visit|2, In-person physician or urgent care visit |3, Emergency department|4, Hospitalized but not the intensive care unit (ICU) |5, Hospitalized, including a stay in the ICU and/or ventilator support (breathing tube in your throat)|8, Decline to answer|9,Unsure/unknown",Integer
F2,CV,9c. How many times have you been admitted to the hospital for COVID-19?,C19HOSPN,Conditional (e.g. skip pattern),"Integers 1-3, 9","1, Once |2, Twice|3, Three or more times|9, Unsure/unknown",Integer
F2,CV,"9c1a. Date of most recent hospitalization:
month",C19H1MO,Conditional (e.g. skip pattern),"Integers 1-12, 88, 99","1, 1|2, 2|3, 3|4, 4|5, 5|6, 6|7, 7|8, 8|9, 9|10, 10|11, 11|12, 12|88, 88 = Decline to answer|99, 99 = Unknown",Integer
F2,CV,"9c1b. Date of most recent hospitalization:
year",C19H1YR,Conditional (e.g. skip pattern),"2019 to current year, 8888, 9999","2019 to current year|8888, 8888 = Decline to answer|9999, 9999 = Unknown",Integer
F2,CV,"9c2. How many days were you
hospitalized?",C19H1DYS,Conditional (e.g. skip pattern),"Integers 1-888, 999","1, 1|2, 2|3, 3|4, 4|5, 5|6, 6|7, 7|8, 8|9, 9|10, 10|11, 11|12, 12|13, 13|14, 14|15, 15|16, 16|17, 17|18, 18|19, 19|20, 20|21, 21|22, 22|23, 23|24, 24|25, 25|26, 26|27, 27|28, 28|29, 29|30, 30|31, 31|32, 32|33, 33|34, 34|35, 35|36, 36|37, 37|38, 38|39, 39|40, 40|41, 41|42, 42|43, 43|44, 44|45, 45|46, 46|47, 47|48, 48|49, 49|50, 50|51, 51|52, 52|53, 53|54, 54|55, 55|56, 56|57, 57|58, 58|59, 59|60, 60|61, 61|62, 62|63, 63|64, 64|65, 65|66, 66|67, 67|68, 68|69, 69|70, 70|71, 71|72, 72|73, 73|74, 74|75, 75|76, 76|77, 77|78, 78|79, 79|80, 80|81, 81|82, 82|83, 83|84, 84|85, 85|86, 86|87, 87|88, 88|89, 89|90, 90|91, 91|92, 92|93, 93|94, 94|95, 95|96, 96|97, 97|98, 98|99, 99|100, 100|101, 101|102, 102|103, 103|104, 104|105, 105|106, 106|107, 107|108, 108|109, 109|110, 110|111, 111|112, 112|113, 113|114, 114|115, 115|116, 116|117, 117|118, 118|119, 119|120, 120|121, 121|122, 122|123, 123|124, 124|125, 125|126, 126|127, 127|128, 128|129, 129|130, 130|131, 131|132, 132|133, 133|134, 134|135, 135|136, 136|137, 137|138, 138|139, 139|140, 140|141, 141|142, 142|143, 143|144, 144|145, 145|146, 146|147, 147|148, 148|149, 149|150, 150|151, 151|152, 152|153, 153|154, 154|155, 155|156, 156|157, 157|158, 158|159, 159|160, 160|161, 161|162, 162|163, 163|164, 164|165, 165|166, 166|167, 167|168, 168|169, 169|170, 170|171, 171|172, 172|173, 173|174, 174|175, 175|176, 176|177, 177|178, 178|179, 179|180, 180|181, 181|182, 182|183, 183|184, 184|185, 185|186, 186|187, 187|188, 188|189, 189|190, 190|191, 191|192, 192|193, 193|194, 194|195, 195|196, 196|197, 197|198, 198|199, 199|200, 200|201, 201|202, 202|203, 203|204, 204|205, 205|206, 206|207, 207|208, 208|209, 209|210, 210|211, 211|212, 212|213, 213|214, 214|215, 215|216, 216|217, 217|218, 218|219, 219|220, 220|221, 221|222, 222|223, 223|224, 224|225, 225|226, 226|227, 227|228, 228|229, 229|230, 230|231, 231|232, 232|233, 233|234, 234|235, 235|236, 236|237, 237|238, 238|239, 239|240, 240|241, 241|242, 242|243, 243|244, 244|245, 245|246, 246|247, 247|248, 248|249, 249|250, 250|251, 251|252, 252|253, 253|254, 254|255, 255|256, 256|257, 257|258, 258|259, 259|260, 260|261, 261|262, 262|263, 263|264, 264|265, 265|266, 266|267, 267|268, 268|269, 269|270, 270|271, 271|272, 272|273, 273|274, 274|275, 275|276, 276|277, 277|278, 278|279, 279|280, 280|281, 281|282, 282|283, 283|284, 284|285, 285|286, 286|287, 287|288, 288|289, 289|290, 290|291, 291|292, 292|293, 293|294, 294|295, 295|296, 296|297, 297|298, 298|299, 299|300, 300|301, 301|302, 302|303, 303|304, 304|305, 305|306, 306|307, 307|308, 308|309, 309|310, 310|311, 311|312, 312|313, 313|314, 314|315, 315|316, 316|317, 317|318, 318|319, 319|320, 320|321, 321|322, 322|323, 323|324, 324|325, 325|326, 326|327, 327|328, 328|329, 329|330, 330|331, 331|332, 332|333, 333|334, 334|335, 335|336, 336|337, 337|338, 338|339, 339|340, 340|341, 341|342, 342|343, 343|344, 344|345, 345|346, 346|347, 347|348, 348|349, 349|350, 350|351, 351|352, 352|353, 353|354, 354|355, 355|356, 356|357, 357|358, 358|359, 359|360, 360|361, 361|362, 362|363, 363|364, 364|365, 365|366, 366|367, 367|368, 368|369, 369|370, 370|371, 371|372, 372|373, 373|374, 374|375, 375|376, 376|377, 377|378, 378|379, 379|380, 380|381, 381|382, 382|383, 383|384, 384|385, 385|386, 386|387, 387|388, 388|389, 389|390, 390|391, 391|392, 392|393, 393|394, 394|395, 395|396, 396|397, 397|398, 398|399, 399|400, 400|401, 401|402, 402|403, 403|404, 404|405, 405|406, 406|407, 407|408, 408|409, 409|410, 410|411, 411|412, 412|413, 413|414, 414|415, 415|416, 416|417, 417|418, 418|419, 419|420, 420|421, 421|422, 422|423, 423|424, 424|425, 425|426, 426|427, 427|428, 428|429, 429|430, 430|431, 431|432, 432|433, 433|434, 434|435, 435|436, 436|437, 437|438, 438|439, 439|440, 440|441, 441|442, 442|443, 443|444, 444|445, 445|446, 446|447, 447|448, 448|449, 449|450, 450|451, 451|452, 452|453, 453|454, 454|455, 455|456, 456|457, 457|458, 458|459, 459|460, 460|461, 461|462, 462|463, 463|464, 464|465, 465|466, 466|467, 467|468, 468|469, 469|470, 470|471, 471|472, 472|473, 473|474, 474|475, 475|476, 476|477, 477|478, 478|479, 479|480, 480|481, 481|482, 482|483, 483|484, 484|485, 485|486, 486|487, 487|488, 488|489, 489|490, 490|491, 491|492, 492|493, 493|494, 494|495, 495|496, 496|497, 497|498, 498|499, 499|500, 500|501, 501|502, 502|503, 503|504, 504|505, 505|506, 506|507, 507|508, 508|509, 509|510, 510|511, 511|512, 512|513, 513|514, 514|515, 515|516, 516|517, 517|518, 518|519, 519|520, 520|521, 521|522, 522|523, 523|524, 524|525, 525|526, 526|527, 527|528, 528|529, 529|530, 530|531, 531|532, 532|533, 533|534, 534|535, 535|536, 536|537, 537|538, 538|539, 539|540, 540|541, 541|542, 542|543, 543|544, 544|545, 545|546, 546|547, 547|548, 548|549, 549|550, 550|551, 551|552, 552|553, 553|554, 554|555, 555|556, 556|557, 557|558, 558|559, 559|560, 560|561, 561|562, 562|563, 563|564, 564|565, 565|566, 566|567, 567|568, 568|569, 569|570, 570|571, 571|572, 572|573, 573|574, 574|575, 575|576, 576|577, 577|578, 578|579, 579|580, 580|581, 581|582, 582|583, 583|584, 584|585, 585|586, 586|587, 587|588, 588|589, 589|590, 590|591, 591|592, 592|593, 593|594, 594|595, 595|596, 596|597, 597|598, 598|599, 599|600, 600|601, 601|602, 602|603, 603|604, 604|605, 605|606, 606|607, 607|608, 608|609, 609|610, 610|611, 611|612, 612|613, 613|614, 614|615, 615|616, 616|617, 617|618, 618|619, 619|620, 620|621, 621|622, 622|623, 623|624, 624|625, 625|626, 626|627, 627|628, 628|629, 629|630, 630|631, 631|632, 632|633, 633|634, 634|635, 635|636, 636|637, 637|638, 638|639, 639|640, 640|641, 641|642, 642|643, 643|644, 644|645, 645|646, 646|647, 647|648, 648|649, 649|650, 650|651, 651|652, 652|653, 653|654, 654|655, 655|656, 656|657, 657|658, 658|659, 659|660, 660|661, 661|662, 662|663, 663|664, 664|665, 665|666, 666|667, 667|668, 668|669, 669|670, 670|671, 671|672, 672|673, 673|674, 674|675, 675|676, 676|677, 677|678, 678|679, 679|680, 680|681, 681|682, 682|683, 683|684, 684|685, 685|686, 686|687, 687|688, 688|689, 689|690, 690|691, 691|692, 692|693, 693|694, 694|695, 695|696, 696|697, 697|698, 698|699, 699|700, 700|701, 701|702, 702|703, 703|704, 704|705, 705|706, 706|707, 707|708, 708|709, 709|710, 710|711, 711|712, 712|713, 713|714, 714|715, 715|716, 716|717, 717|718, 718|719, 719|720, 720|721, 721|722, 722|723, 723|724, 724|725, 725|726, 726|727, 727|728, 728|729, 729|730, 730|731, 731|732, 732|733, 733|734, 734|735, 735|736, 736|737, 737|738, 738|739, 739|740, 740|741, 741|742, 742|743, 743|744, 744|745, 745|746, 746|747, 747|748, 748|749, 749|750, 750|751, 751|752, 752|753, 753|754, 754|755, 755|756, 756|757, 757|758, 758|759, 759|760, 760|761, 761|762, 762|763, 763|764, 764|765, 765|766, 766|767, 767|768, 768|769, 769|770, 770|771, 771|772, 772|773, 773|774, 774|775, 775|776, 776|777, 777|778, 778|779, 779|780, 780|781, 781|782, 782|783, 783|784, 784|785, 785|786, 786|787, 787|788, 788|789, 789|790, 790|791, 791|792, 792|793, 793|794, 794|795, 795|796, 796|797, 797|798, 798|799, 799|800, 800|801, 801|802, 802|803, 803|804, 804|805, 805|806, 806|807, 807|808, 808|809, 809|810, 810|811, 811|812, 812|813, 813|814, 814|815, 815|816, 816|817, 817|818, 818|819, 819|820, 820|821, 821|822, 822|823, 823|824, 824|825, 825|826, 826|827, 827|828, 828|829, 829|830, 830|831, 831|832, 832|833, 833|834, 834|835, 835|836, 836|837, 837|838, 838|839, 839|840, 840|841, 841|842, 842|843, 843|844, 844|845, 845|846, 846|847, 847|848, 848|849, 849|850, 850|851, 851|852, 852|853, 853|854, 854|855, 855|856, 856|857, 857|858, 858|859, 859|860, 860|861, 861|862, 862|863, 863|864, 864|865, 865|866, 866|867, 867|868, 868|869, 869|870, 870|871, 871|872, 872|873, 873|874, 874|875, 875|876, 876|877, 877|878, 878|879, 879|880, 880|881, 881|882, 882|883, 883|884, 884|885, 885|886, 886|887, 887|888, 888 = Decline to answer|999, 999 = Unknown",Integer
F2,CV,"9c3a. Date of next most recent
hospitalization: month",C19H2MO,Conditional (e.g. skip pattern),"Integers 1-12, 88, 99","1, 1|2, 2|3, 3|4, 4|5, 5|6, 6|7, 7|8, 8|9, 9|10, 10|11, 11|12, 12|88, 88 = Decline to answer|99, 99 = Unknown",Integer
F2,CV,"9c3b. Date of next most recent
hospitalization: year",C19H2YR,Conditional (e.g. skip pattern),"2019 to current year, 8888, 9999","2019 to current year|8888, 8888 = Decline to answer|9999, 9999 = Unknown",Integer
F2,CV,"9c4. How many days were you
hospitalized?",C19H2DYS,Conditional (e.g. skip pattern),"Integers 1-888, 999","1, 1|2, 2|3, 3|4, 4|5, 5|6, 6|7, 7|8, 8|9, 9|10, 10|11, 11|12, 12|13, 13|14, 14|15, 15|16, 16|17, 17|18, 18|19, 19|20, 20|21, 21|22, 22|23, 23|24, 24|25, 25|26, 26|27, 27|28, 28|29, 29|30, 30|31, 31|32, 32|33, 33|34, 34|35, 35|36, 36|37, 37|38, 38|39, 39|40, 40|41, 41|42, 42|43, 43|44, 44|45, 45|46, 46|47, 47|48, 48|49, 49|50, 50|51, 51|52, 52|53, 53|54, 54|55, 55|56, 56|57, 57|58, 58|59, 59|60, 60|61, 61|62, 62|63, 63|64, 64|65, 65|66, 66|67, 67|68, 68|69, 69|70, 70|71, 71|72, 72|73, 73|74, 74|75, 75|76, 76|77, 77|78, 78|79, 79|80, 80|81, 81|82, 82|83, 83|84, 84|85, 85|86, 86|87, 87|88, 88|89, 89|90, 90|91, 91|92, 92|93, 93|94, 94|95, 95|96, 96|97, 97|98, 98|99, 99|100, 100|101, 101|102, 102|103, 103|104, 104|105, 105|106, 106|107, 107|108, 108|109, 109|110, 110|111, 111|112, 112|113, 113|114, 114|115, 115|116, 116|117, 117|118, 118|119, 119|120, 120|121, 121|122, 122|123, 123|124, 124|125, 125|126, 126|127, 127|128, 128|129, 129|130, 130|131, 131|132, 132|133, 133|134, 134|135, 135|136, 136|137, 137|138, 138|139, 139|140, 140|141, 141|142, 142|143, 143|144, 144|145, 145|146, 146|147, 147|148, 148|149, 149|150, 150|151, 151|152, 152|153, 153|154, 154|155, 155|156, 156|157, 157|158, 158|159, 159|160, 160|161, 161|162, 162|163, 163|164, 164|165, 165|166, 166|167, 167|168, 168|169, 169|170, 170|171, 171|172, 172|173, 173|174, 174|175, 175|176, 176|177, 177|178, 178|179, 179|180, 180|181, 181|182, 182|183, 183|184, 184|185, 185|186, 186|187, 187|188, 188|189, 189|190, 190|191, 191|192, 192|193, 193|194, 194|195, 195|196, 196|197, 197|198, 198|199, 199|200, 200|201, 201|202, 202|203, 203|204, 204|205, 205|206, 206|207, 207|208, 208|209, 209|210, 210|211, 211|212, 212|213, 213|214, 214|215, 215|216, 216|217, 217|218, 218|219, 219|220, 220|221, 221|222, 222|223, 223|224, 224|225, 225|226, 226|227, 227|228, 228|229, 229|230, 230|231, 231|232, 232|233, 233|234, 234|235, 235|236, 236|237, 237|238, 238|239, 239|240, 240|241, 241|242, 242|243, 243|244, 244|245, 245|246, 246|247, 247|248, 248|249, 249|250, 250|251, 251|252, 252|253, 253|254, 254|255, 255|256, 256|257, 257|258, 258|259, 259|260, 260|261, 261|262, 262|263, 263|264, 264|265, 265|266, 266|267, 267|268, 268|269, 269|270, 270|271, 271|272, 272|273, 273|274, 274|275, 275|276, 276|277, 277|278, 278|279, 279|280, 280|281, 281|282, 282|283, 283|284, 284|285, 285|286, 286|287, 287|288, 288|289, 289|290, 290|291, 291|292, 292|293, 293|294, 294|295, 295|296, 296|297, 297|298, 298|299, 299|300, 300|301, 301|302, 302|303, 303|304, 304|305, 305|306, 306|307, 307|308, 308|309, 309|310, 310|311, 311|312, 312|313, 313|314, 314|315, 315|316, 316|317, 317|318, 318|319, 319|320, 320|321, 321|322, 322|323, 323|324, 324|325, 325|326, 326|327, 327|328, 328|329, 329|330, 330|331, 331|332, 332|333, 333|334, 334|335, 335|336, 336|337, 337|338, 338|339, 339|340, 340|341, 341|342, 342|343, 343|344, 344|345, 345|346, 346|347, 347|348, 348|349, 349|350, 350|351, 351|352, 352|353, 353|354, 354|355, 355|356, 356|357, 357|358, 358|359, 359|360, 360|361, 361|362, 362|363, 363|364, 364|365, 365|366, 366|367, 367|368, 368|369, 369|370, 370|371, 371|372, 372|373, 373|374, 374|375, 375|376, 376|377, 377|378, 378|379, 379|380, 380|381, 381|382, 382|383, 383|384, 384|385, 385|386, 386|387, 387|388, 388|389, 389|390, 390|391, 391|392, 392|393, 393|394, 394|395, 395|396, 396|397, 397|398, 398|399, 399|400, 400|401, 401|402, 402|403, 403|404, 404|405, 405|406, 406|407, 407|408, 408|409, 409|410, 410|411, 411|412, 412|413, 413|414, 414|415, 415|416, 416|417, 417|418, 418|419, 419|420, 420|421, 421|422, 422|423, 423|424, 424|425, 425|426, 426|427, 427|428, 428|429, 429|430, 430|431, 431|432, 432|433, 433|434, 434|435, 435|436, 436|437, 437|438, 438|439, 439|440, 440|441, 441|442, 442|443, 443|444, 444|445, 445|446, 446|447, 447|448, 448|449, 449|450, 450|451, 451|452, 452|453, 453|454, 454|455, 455|456, 456|457, 457|458, 458|459, 459|460, 460|461, 461|462, 462|463, 463|464, 464|465, 465|466, 466|467, 467|468, 468|469, 469|470, 470|471, 471|472, 472|473, 473|474, 474|475, 475|476, 476|477, 477|478, 478|479, 479|480, 480|481, 481|482, 482|483, 483|484, 484|485, 485|486, 486|487, 487|488, 488|489, 489|490, 490|491, 491|492, 492|493, 493|494, 494|495, 495|496, 496|497, 497|498, 498|499, 499|500, 500|501, 501|502, 502|503, 503|504, 504|505, 505|506, 506|507, 507|508, 508|509, 509|510, 510|511, 511|512, 512|513, 513|514, 514|515, 515|516, 516|517, 517|518, 518|519, 519|520, 520|521, 521|522, 522|523, 523|524, 524|525, 525|526, 526|527, 527|528, 528|529, 529|530, 530|531, 531|532, 532|533, 533|534, 534|535, 535|536, 536|537, 537|538, 538|539, 539|540, 540|541, 541|542, 542|543, 543|544, 544|545, 545|546, 546|547, 547|548, 548|549, 549|550, 550|551, 551|552, 552|553, 553|554, 554|555, 555|556, 556|557, 557|558, 558|559, 559|560, 560|561, 561|562, 562|563, 563|564, 564|565, 565|566, 566|567, 567|568, 568|569, 569|570, 570|571, 571|572, 572|573, 573|574, 574|575, 575|576, 576|577, 577|578, 578|579, 579|580, 580|581, 581|582, 582|583, 583|584, 584|585, 585|586, 586|587, 587|588, 588|589, 589|590, 590|591, 591|592, 592|593, 593|594, 594|595, 595|596, 596|597, 597|598, 598|599, 599|600, 600|601, 601|602, 602|603, 603|604, 604|605, 605|606, 606|607, 607|608, 608|609, 609|610, 610|611, 611|612, 612|613, 613|614, 614|615, 615|616, 616|617, 617|618, 618|619, 619|620, 620|621, 621|622, 622|623, 623|624, 624|625, 625|626, 626|627, 627|628, 628|629, 629|630, 630|631, 631|632, 632|633, 633|634, 634|635, 635|636, 636|637, 637|638, 638|639, 639|640, 640|641, 641|642, 642|643, 643|644, 644|645, 645|646, 646|647, 647|648, 648|649, 649|650, 650|651, 651|652, 652|653, 653|654, 654|655, 655|656, 656|657, 657|658, 658|659, 659|660, 660|661, 661|662, 662|663, 663|664, 664|665, 665|666, 666|667, 667|668, 668|669, 669|670, 670|671, 671|672, 672|673, 673|674, 674|675, 675|676, 676|677, 677|678, 678|679, 679|680, 680|681, 681|682, 682|683, 683|684, 684|685, 685|686, 686|687, 687|688, 688|689, 689|690, 690|691, 691|692, 692|693, 693|694, 694|695, 695|696, 696|697, 697|698, 698|699, 699|700, 700|701, 701|702, 702|703, 703|704, 704|705, 705|706, 706|707, 707|708, 708|709, 709|710, 710|711, 711|712, 712|713, 713|714, 714|715, 715|716, 716|717, 717|718, 718|719, 719|720, 720|721, 721|722, 722|723, 723|724, 724|725, 725|726, 726|727, 727|728, 728|729, 729|730, 730|731, 731|732, 732|733, 733|734, 734|735, 735|736, 736|737, 737|738, 738|739, 739|740, 740|741, 741|742, 742|743, 743|744, 744|745, 745|746, 746|747, 747|748, 748|749, 749|750, 750|751, 751|752, 752|753, 753|754, 754|755, 755|756, 756|757, 757|758, 758|759, 759|760, 760|761, 761|762, 762|763, 763|764, 764|765, 765|766, 766|767, 767|768, 768|769, 769|770, 770|771, 771|772, 772|773, 773|774, 774|775, 775|776, 776|777, 777|778, 778|779, 779|780, 780|781, 781|782, 782|783, 783|784, 784|785, 785|786, 786|787, 787|788, 788|789, 789|790, 790|791, 791|792, 792|793, 793|794, 794|795, 795|796, 796|797, 797|798, 798|799, 799|800, 800|801, 801|802, 802|803, 803|804, 804|805, 805|806, 806|807, 807|808, 808|809, 809|810, 810|811, 811|812, 812|813, 813|814, 814|815, 815|816, 816|817, 817|818, 818|819, 819|820, 820|821, 821|822, 822|823, 823|824, 824|825, 825|826, 826|827, 827|828, 828|829, 829|830, 830|831, 831|832, 832|833, 833|834, 834|835, 835|836, 836|837, 837|838, 838|839, 839|840, 840|841, 841|842, 842|843, 843|844, 844|845, 845|846, 846|847, 847|848, 848|849, 849|850, 850|851, 851|852, 852|853, 853|854, 854|855, 855|856, 856|857, 857|858, 858|859, 859|860, 860|861, 861|862, 862|863, 863|864, 864|865, 865|866, 866|867, 867|868, 868|869, 869|870, 870|871, 871|872, 872|873, 873|874, 874|875, 875|876, 876|877, 877|878, 878|879, 879|880, 880|881, 881|882, 882|883, 883|884, 884|885, 885|886, 886|887, 887|888, 888 = Decline to answer|999, 999 = Unknown",Integer
F2,CV,"9c5a. Date of next most recent
hospitalization: month",C19H3MO,Conditional (e.g. skip pattern),"Integers 1-12, 88, 99","1, 1|2, 2|3, 3|4, 4|5, 5|6, 6|7, 7|8, 8|9, 9|10, 10|11, 11|12, 12|88, 88 = Decline to answer|99, 99 = Unknown",Integer
F2,CV,"9c5b. Date of next most recent
hospitalization: year",C19H3YR,Conditional (e.g. skip pattern),"2019 to current year, 8888, 9999","2019 to current year|8888, 8888 = Decline to answer|9999, 9999 = Unknown",Integer
F2,CV,"9c6. How many days were you
hospitalized?",C19H3DYS,Conditional (e.g. skip pattern),"Integers 1-888, 999","1, 1|2, 2|3, 3|4, 4|5, 5|6, 6|7, 7|8, 8|9, 9|10, 10|11, 11|12, 12|13, 13|14, 14|15, 15|16, 16|17, 17|18, 18|19, 19|20, 20|21, 21|22, 22|23, 23|24, 24|25, 25|26, 26|27, 27|28, 28|29, 29|30, 30|31, 31|32, 32|33, 33|34, 34|35, 35|36, 36|37, 37|38, 38|39, 39|40, 40|41, 41|42, 42|43, 43|44, 44|45, 45|46, 46|47, 47|48, 48|49, 49|50, 50|51, 51|52, 52|53, 53|54, 54|55, 55|56, 56|57, 57|58, 58|59, 59|60, 60|61, 61|62, 62|63, 63|64, 64|65, 65|66, 66|67, 67|68, 68|69, 69|70, 70|71, 71|72, 72|73, 73|74, 74|75, 75|76, 76|77, 77|78, 78|79, 79|80, 80|81, 81|82, 82|83, 83|84, 84|85, 85|86, 86|87, 87|88, 88|89, 89|90, 90|91, 91|92, 92|93, 93|94, 94|95, 95|96, 96|97, 97|98, 98|99, 99|100, 100|101, 101|102, 102|103, 103|104, 104|105, 105|106, 106|107, 107|108, 108|109, 109|110, 110|111, 111|112, 112|113, 113|114, 114|115, 115|116, 116|117, 117|118, 118|119, 119|120, 120|121, 121|122, 122|123, 123|124, 124|125, 125|126, 126|127, 127|128, 128|129, 129|130, 130|131, 131|132, 132|133, 133|134, 134|135, 135|136, 136|137, 137|138, 138|139, 139|140, 140|141, 141|142, 142|143, 143|144, 144|145, 145|146, 146|147, 147|148, 148|149, 149|150, 150|151, 151|152, 152|153, 153|154, 154|155, 155|156, 156|157, 157|158, 158|159, 159|160, 160|161, 161|162, 162|163, 163|164, 164|165, 165|166, 166|167, 167|168, 168|169, 169|170, 170|171, 171|172, 172|173, 173|174, 174|175, 175|176, 176|177, 177|178, 178|179, 179|180, 180|181, 181|182, 182|183, 183|184, 184|185, 185|186, 186|187, 187|188, 188|189, 189|190, 190|191, 191|192, 192|193, 193|194, 194|195, 195|196, 196|197, 197|198, 198|199, 199|200, 200|201, 201|202, 202|203, 203|204, 204|205, 205|206, 206|207, 207|208, 208|209, 209|210, 210|211, 211|212, 212|213, 213|214, 214|215, 215|216, 216|217, 217|218, 218|219, 219|220, 220|221, 221|222, 222|223, 223|224, 224|225, 225|226, 226|227, 227|228, 228|229, 229|230, 230|231, 231|232, 232|233, 233|234, 234|235, 235|236, 236|237, 237|238, 238|239, 239|240, 240|241, 241|242, 242|243, 243|244, 244|245, 245|246, 246|247, 247|248, 248|249, 249|250, 250|251, 251|252, 252|253, 253|254, 254|255, 255|256, 256|257, 257|258, 258|259, 259|260, 260|261, 261|262, 262|263, 263|264, 264|265, 265|266, 266|267, 267|268, 268|269, 269|270, 270|271, 271|272, 272|273, 273|274, 274|275, 275|276, 276|277, 277|278, 278|279, 279|280, 280|281, 281|282, 282|283, 283|284, 284|285, 285|286, 286|287, 287|288, 288|289, 289|290, 290|291, 291|292, 292|293, 293|294, 294|295, 295|296, 296|297, 297|298, 298|299, 299|300, 300|301, 301|302, 302|303, 303|304, 304|305, 305|306, 306|307, 307|308, 308|309, 309|310, 310|311, 311|312, 312|313, 313|314, 314|315, 315|316, 316|317, 317|318, 318|319, 319|320, 320|321, 321|322, 322|323, 323|324, 324|325, 325|326, 326|327, 327|328, 328|329, 329|330, 330|331, 331|332, 332|333, 333|334, 334|335, 335|336, 336|337, 337|338, 338|339, 339|340, 340|341, 341|342, 342|343, 343|344, 344|345, 345|346, 346|347, 347|348, 348|349, 349|350, 350|351, 351|352, 352|353, 353|354, 354|355, 355|356, 356|357, 357|358, 358|359, 359|360, 360|361, 361|362, 362|363, 363|364, 364|365, 365|366, 366|367, 367|368, 368|369, 369|370, 370|371, 371|372, 372|373, 373|374, 374|375, 375|376, 376|377, 377|378, 378|379, 379|380, 380|381, 381|382, 382|383, 383|384, 384|385, 385|386, 386|387, 387|388, 388|389, 389|390, 390|391, 391|392, 392|393, 393|394, 394|395, 395|396, 396|397, 397|398, 398|399, 399|400, 400|401, 401|402, 402|403, 403|404, 404|405, 405|406, 406|407, 407|408, 408|409, 409|410, 410|411, 411|412, 412|413, 413|414, 414|415, 415|416, 416|417, 417|418, 418|419, 419|420, 420|421, 421|422, 422|423, 423|424, 424|425, 425|426, 426|427, 427|428, 428|429, 429|430, 430|431, 431|432, 432|433, 433|434, 434|435, 435|436, 436|437, 437|438, 438|439, 439|440, 440|441, 441|442, 442|443, 443|444, 444|445, 445|446, 446|447, 447|448, 448|449, 449|450, 450|451, 451|452, 452|453, 453|454, 454|455, 455|456, 456|457, 457|458, 458|459, 459|460, 460|461, 461|462, 462|463, 463|464, 464|465, 465|466, 466|467, 467|468, 468|469, 469|470, 470|471, 471|472, 472|473, 473|474, 474|475, 475|476, 476|477, 477|478, 478|479, 479|480, 480|481, 481|482, 482|483, 483|484, 484|485, 485|486, 486|487, 487|488, 488|489, 489|490, 490|491, 491|492, 492|493, 493|494, 494|495, 495|496, 496|497, 497|498, 498|499, 499|500, 500|501, 501|502, 502|503, 503|504, 504|505, 505|506, 506|507, 507|508, 508|509, 509|510, 510|511, 511|512, 512|513, 513|514, 514|515, 515|516, 516|517, 517|518, 518|519, 519|520, 520|521, 521|522, 522|523, 523|524, 524|525, 525|526, 526|527, 527|528, 528|529, 529|530, 530|531, 531|532, 532|533, 533|534, 534|535, 535|536, 536|537, 537|538, 538|539, 539|540, 540|541, 541|542, 542|543, 543|544, 544|545, 545|546, 546|547, 547|548, 548|549, 549|550, 550|551, 551|552, 552|553, 553|554, 554|555, 555|556, 556|557, 557|558, 558|559, 559|560, 560|561, 561|562, 562|563, 563|564, 564|565, 565|566, 566|567, 567|568, 568|569, 569|570, 570|571, 571|572, 572|573, 573|574, 574|575, 575|576, 576|577, 577|578, 578|579, 579|580, 580|581, 581|582, 582|583, 583|584, 584|585, 585|586, 586|587, 587|588, 588|589, 589|590, 590|591, 591|592, 592|593, 593|594, 594|595, 595|596, 596|597, 597|598, 598|599, 599|600, 600|601, 601|602, 602|603, 603|604, 604|605, 605|606, 606|607, 607|608, 608|609, 609|610, 610|611, 611|612, 612|613, 613|614, 614|615, 615|616, 616|617, 617|618, 618|619, 619|620, 620|621, 621|622, 622|623, 623|624, 624|625, 625|626, 626|627, 627|628, 628|629, 629|630, 630|631, 631|632, 632|633, 633|634, 634|635, 635|636, 636|637, 637|638, 638|639, 639|640, 640|641, 641|642, 642|643, 643|644, 644|645, 645|646, 646|647, 647|648, 648|649, 649|650, 650|651, 651|652, 652|653, 653|654, 654|655, 655|656, 656|657, 657|658, 658|659, 659|660, 660|661, 661|662, 662|663, 663|664, 664|665, 665|666, 666|667, 667|668, 668|669, 669|670, 670|671, 671|672, 672|673, 673|674, 674|675, 675|676, 676|677, 677|678, 678|679, 679|680, 680|681, 681|682, 682|683, 683|684, 684|685, 685|686, 686|687, 687|688, 688|689, 689|690, 690|691, 691|692, 692|693, 693|694, 694|695, 695|696, 696|697, 697|698, 698|699, 699|700, 700|701, 701|702, 702|703, 703|704, 704|705, 705|706, 706|707, 707|708, 708|709, 709|710, 710|711, 711|712, 712|713, 713|714, 714|715, 715|716, 716|717, 717|718, 718|719, 719|720, 720|721, 721|722, 722|723, 723|724, 724|725, 725|726, 726|727, 727|728, 728|729, 729|730, 730|731, 731|732, 732|733, 733|734, 734|735, 735|736, 736|737, 737|738, 738|739, 739|740, 740|741, 741|742, 742|743, 743|744, 744|745, 745|746, 746|747, 747|748, 748|749, 749|750, 750|751, 751|752, 752|753, 753|754, 754|755, 755|756, 756|757, 757|758, 758|759, 759|760, 760|761, 761|762, 762|763, 763|764, 764|765, 765|766, 766|767, 767|768, 768|769, 769|770, 770|771, 771|772, 772|773, 773|774, 774|775, 775|776, 776|777, 777|778, 778|779, 779|780, 780|781, 781|782, 782|783, 783|784, 784|785, 785|786, 786|787, 787|788, 788|789, 789|790, 790|791, 791|792, 792|793, 793|794, 794|795, 795|796, 796|797, 797|798, 798|799, 799|800, 800|801, 801|802, 802|803, 803|804, 804|805, 805|806, 806|807, 807|808, 808|809, 809|810, 810|811, 811|812, 812|813, 813|814, 814|815, 815|816, 816|817, 817|818, 818|819, 819|820, 820|821, 821|822, 822|823, 823|824, 824|825, 825|826, 826|827, 827|828, 828|829, 829|830, 830|831, 831|832, 832|833, 833|834, 834|835, 835|836, 836|837, 837|838, 838|839, 839|840, 840|841, 841|842, 842|843, 843|844, 844|845, 845|846, 846|847, 847|848, 848|849, 849|850, 850|851, 851|852, 852|853, 853|854, 854|855, 855|856, 856|857, 857|858, 858|859, 859|860, 860|861, 861|862, 862|863, 863|864, 864|865, 865|866, 866|867, 867|868, 868|869, 869|870, 870|871, 871|872, 872|873, 873|874, 874|875, 875|876, 876|877, 877|878, 878|879, 879|880, 880|881, 881|882, 882|883, 883|884, 884|885, 885|886, 886|887, 887|888, 888 = Decline to answer|999, 999 = Unknown",Integer
F2,CV,10. Have you received at least one vaccination against COVID-19?,C19VAC,Always,"Integers 0, 1, 8, 9","0, No|1, Yes|8, Decline to answer|9, Unsure/unknown",Integer
F2,CV,10a. Why have you not received a COVID-19 vaccination?,C19UNVAC,Conditional (e.g. skip pattern),"Integers 1-5, 8, 9","1, Wanted to but unable|2, Did not want to get vaccinated|3,Allergy|4,Medical contraindication|5,Other|8, Decline to answer|9, Unsure/unknown",Integer
F2,CV,10a1. Medical contraindication specify,C19UNVACMX,Conditional (e.g. skip pattern),text,,String
F2,CV,10a2. Other specify,C19UNVACOX,Conditional (e.g. skip pattern),text,,String
F2,CV,10b. How many COVID-19 vaccine doses have you received?,C19NVAC,Conditional (e.g. skip pattern),Integers 1-9,"1, One: Partial vaccination (one dose of two-dose series)|2, One: One-dose series, e.g., Janssen (Johnson & Johnson) without booster|3, Two: Two-dose series without booster|4, Two: One-dose series with one booster|5, Three: Two-dose series with one booster|6, Three +: One-dose series with more than one booster|7, Four +: Two-dose series with more than one booster|8, Decline to answer|9, Unsure/unknown",Integer
F2,CV,10c1a. When did you receive your first COVID-19 vaccination: month?,C19VAC1MO,Conditional (e.g. skip pattern),"Integers 1-12, 88, 99","1, 1|2, 2|3, 3|4, 4|5, 5|6, 6|7, 7|8, 8|9, 9|10, 10|11, 11|12, 12|88, 88 = Decline to answer|99, 99 = Unknown",Integer
F2,CV,10c1b. When did you receive your first COVID-19 vaccination: year?,C19VAC1YR,Conditional (e.g. skip pattern),"2020 to current year, 8888, 9999","2020 to current year|8888, 8888 = Decline to answer|9999, 9999 = Unknown",Integer
F2,CV,10c2. Which COVID-19 vaccine did you first receive?,C19TVAC1,Conditional (e.g. skip pattern),"Integers 1-4, 8, 9","1, Pfizer|2, Moderna|3, Janssen (Johnson & Johnson)|4, Other (Specify)|8, Decline to answer|9, Unsure/unknown",Integer
F2,CV,10c2a. Other specify,C19TVAC1OX,Conditional (e.g. skip pattern),text,,String
F2,CV,10c3. Did you experience any symptoms within 5 days of your first COVID-19 vaccination?,C19SVAC1,Conditional (e.g. skip pattern),"Integers 0, 1, 8, 9","0, No|1, Yes|8, Decline to answer|9, Unsure/unknown",Integer
F2,CV,10c4a. Which of the following symptoms did you experience after your first vaccine: Sore arm,C19VAC1ARM,Conditional (e.g. skip pattern),"blank, 1",,Integer
F2,CV,10c4a1. Number of days sore arm lasted:,C19VAC1ADY,Conditional (e.g. skip pattern),"Integers 1-777, 999","1, 1|2, 2|3, 3|4, 4|5, 5|6, 6|7, 7|8, 8|9, 9|10, 10|11, 11|12, 12|13, 13|14, 14|15, 15|16, 16|17, 17|18, 18|19, 19|20, 20|21, 21|22, 22|23, 23|24, 24|25, 25|26, 26|27, 27|28, 28|29, 29|30, 30|31, 31|32, 32|33, 33|34, 34|35, 35|36, 36|37, 37|38, 38|39, 39|40, 40|41, 41|42, 42|43, 43|44, 44|45, 45|46, 46|47, 47|48, 48|49, 49|50, 50|51, 51|52, 52|53, 53|54, 54|55, 55|56, 56|57, 57|58, 58|59, 59|60, 60|61, 61|62, 62|63, 63|64, 64|65, 65|66, 66|67, 67|68, 68|69, 69|70, 70|71, 71|72, 72|73, 73|74, 74|75, 75|76, 76|77, 77|78, 78|79, 79|80, 80|81, 81|82, 82|83, 83|84, 84|85, 85|86, 86|87, 87|88, 88|89, 89|90, 90|91, 91|92, 92|93, 93|94, 94|95, 95|96, 96|97, 97|98, 98|99, 99|100, 100|101, 101|102, 102|103, 103|104, 104|105, 105|106, 106|107, 107|108, 108|109, 109|110, 110|111, 111|112, 112|113, 113|114, 114|115, 115|116, 116|117, 117|118, 118|119, 119|120, 120|121, 121|122, 122|123, 123|124, 124|125, 125|126, 126|127, 127|128, 128|129, 129|130, 130|131, 131|132, 132|133, 133|134, 134|135, 135|136, 136|137, 137|138, 138|139, 139|140, 140|141, 141|142, 142|143, 143|144, 144|145, 145|146, 146|147, 147|148, 148|149, 149|150, 150|151, 151|152, 152|153, 153|154, 154|155, 155|156, 156|157, 157|158, 158|159, 159|160, 160|161, 161|162, 162|163, 163|164, 164|165, 165|166, 166|167, 167|168, 168|169, 169|170, 170|171, 171|172, 172|173, 173|174, 174|175, 175|176, 176|177, 177|178, 178|179, 179|180, 180|181, 181|182, 182|183, 183|184, 184|185, 185|186, 186|187, 187|188, 188|189, 189|190, 190|191, 191|192, 192|193, 193|194, 194|195, 195|196, 196|197, 197|198, 198|199, 199|200, 200|201, 201|202, 202|203, 203|204, 204|205, 205|206, 206|207, 207|208, 208|209, 209|210, 210|211, 211|212, 212|213, 213|214, 214|215, 215|216, 216|217, 217|218, 218|219, 219|220, 220|221, 221|222, 222|223, 223|224, 224|225, 225|226, 226|227, 227|228, 228|229, 229|230, 230|231, 231|232, 232|233, 233|234, 234|235, 235|236, 236|237, 237|238, 238|239, 239|240, 240|241, 241|242, 242|243, 243|244, 244|245, 245|246, 246|247, 247|248, 248|249, 249|250, 250|251, 251|252, 252|253, 253|254, 254|255, 255|256, 256|257, 257|258, 258|259, 259|260, 260|261, 261|262, 262|263, 263|264, 264|265, 265|266, 266|267, 267|268, 268|269, 269|270, 270|271, 271|272, 272|273, 273|274, 274|275, 275|276, 276|277, 277|278, 278|279, 279|280, 280|281, 281|282, 282|283, 283|284, 284|285, 285|286, 286|287, 287|288, 288|289, 289|290, 290|291, 291|292, 292|293, 293|294, 294|295, 295|296, 296|297, 297|298, 298|299, 299|300, 300|301, 301|302, 302|303, 303|304, 304|305, 305|306, 306|307, 307|308, 308|309, 309|310, 310|311, 311|312, 312|313, 313|314, 314|315, 315|316, 316|317, 317|318, 318|319, 319|320, 320|321, 321|322, 322|323, 323|324, 324|325, 325|326, 326|327, 327|328, 328|329, 329|330, 330|331, 331|332, 332|333, 333|334, 334|335, 335|336, 336|337, 337|338, 338|339, 339|340, 340|341, 341|342, 342|343, 343|344, 344|345, 345|346, 346|347, 347|348, 348|349, 349|350, 350|351, 351|352, 352|353, 353|354, 354|355, 355|356, 356|357, 357|358, 358|359, 359|360, 360|361, 361|362, 362|363, 363|364, 364|365, 365|366, 366|367, 367|368, 368|369, 369|370, 370|371, 371|372, 372|373, 373|374, 374|375, 375|376, 376|377, 377|378, 378|379, 379|380, 380|381, 381|382, 382|383, 383|384, 384|385, 385|386, 386|387, 387|388, 388|389, 389|390, 390|391, 391|392, 392|393, 393|394, 394|395, 395|396, 396|397, 397|398, 398|399, 399|400, 400|401, 401|402, 402|403, 403|404, 404|405, 405|406, 406|407, 407|408, 408|409, 409|410, 410|411, 411|412, 412|413, 413|414, 414|415, 415|416, 416|417, 417|418, 418|419, 419|420, 420|421, 421|422, 422|423, 423|424, 424|425, 425|426, 426|427, 427|428, 428|429, 429|430, 430|431, 431|432, 432|433, 433|434, 434|435, 435|436, 436|437, 437|438, 438|439, 439|440, 440|441, 441|442, 442|443, 443|444, 444|445, 445|446, 446|447, 447|448, 448|449, 449|450, 450|451, 451|452, 452|453, 453|454, 454|455, 455|456, 456|457, 457|458, 458|459, 459|460, 460|461, 461|462, 462|463, 463|464, 464|465, 465|466, 466|467, 467|468, 468|469, 469|470, 470|471, 471|472, 472|473, 473|474, 474|475, 475|476, 476|477, 477|478, 478|479, 479|480, 480|481, 481|482, 482|483, 483|484, 484|485, 485|486, 486|487, 487|488, 488|489, 489|490, 490|491, 491|492, 492|493, 493|494, 494|495, 495|496, 496|497, 497|498, 498|499, 499|500, 500|501, 501|502, 502|503, 503|504, 504|505, 505|506, 506|507, 507|508, 508|509, 509|510, 510|511, 511|512, 512|513, 513|514, 514|515, 515|516, 516|517, 517|518, 518|519, 519|520, 520|521, 521|522, 522|523, 523|524, 524|525, 525|526, 526|527, 527|528, 528|529, 529|530, 530|531, 531|532, 532|533, 533|534, 534|535, 535|536, 536|537, 537|538, 538|539, 539|540, 540|541, 541|542, 542|543, 543|544, 544|545, 545|546, 546|547, 547|548, 548|549, 549|550, 550|551, 551|552, 552|553, 553|554, 554|555, 555|556, 556|557, 557|558, 558|559, 559|560, 560|561, 561|562, 562|563, 563|564, 564|565, 565|566, 566|567, 567|568, 568|569, 569|570, 570|571, 571|572, 572|573, 573|574, 574|575, 575|576, 576|577, 577|578, 578|579, 579|580, 580|581, 581|582, 582|583, 583|584, 584|585, 585|586, 586|587, 587|588, 588|589, 589|590, 590|591, 591|592, 592|593, 593|594, 594|595, 595|596, 596|597, 597|598, 598|599, 599|600, 600|601, 601|602, 602|603, 603|604, 604|605, 605|606, 606|607, 607|608, 608|609, 609|610, 610|611, 611|612, 612|613, 613|614, 614|615, 615|616, 616|617, 617|618, 618|619, 619|620, 620|621, 621|622, 622|623, 623|624, 624|625, 625|626, 626|627, 627|628, 628|629, 629|630, 630|631, 631|632, 632|633, 633|634, 634|635, 635|636, 636|637, 637|638, 638|639, 639|640, 640|641, 641|642, 642|643, 643|644, 644|645, 645|646, 646|647, 647|648, 648|649, 649|650, 650|651, 651|652, 652|653, 653|654, 654|655, 655|656, 656|657, 657|658, 658|659, 659|660, 660|661, 661|662, 662|663, 663|664, 664|665, 665|666, 666|667, 667|668, 668|669, 669|670, 670|671, 671|672, 672|673, 673|674, 674|675, 675|676, 676|677, 677|678, 678|679, 679|680, 680|681, 681|682, 682|683, 683|684, 684|685, 685|686, 686|687, 687|688, 688|689, 689|690, 690|691, 691|692, 692|693, 693|694, 694|695, 695|696, 696|697, 697|698, 698|699, 699|700, 700|701, 701|702, 702|703, 703|704, 704|705, 705|706, 706|707, 707|708, 708|709, 709|710, 710|711, 711|712, 712|713, 713|714, 714|715, 715|716, 716|717, 717|718, 718|719, 719|720, 720|721, 721|722, 722|723, 723|724, 724|725, 725|726, 726|727, 727|728, 728|729, 729|730, 730|731, 731|732, 732|733, 733|734, 734|735, 735|736, 736|737, 737|738, 738|739, 739|740, 740|741, 741|742, 742|743, 743|744, 744|745, 745|746, 746|747, 747|748, 748|749, 749|750, 750|751, 751|752, 752|753, 753|754, 754|755, 755|756, 756|757, 757|758, 758|759, 759|760, 760|761, 761|762, 762|763, 763|764, 764|765, 765|766, 766|767, 767|768, 768|769, 769|770, 770|771, 771|772, 772|773, 773|774, 774|775, 775|776, 776|777, 777 = Continued through now|999, 999 = Unknown",Integer
F2,CV,"10c4b. Which of the following symptoms did you experience after your first vaccine: Flu-like feelings (fever, chills, tiredness, or “malaise”)",C19VAC1FLU,Conditional (e.g. skip pattern),"blank, 1",,Integer
F2,CV,10c4b1. Number of days flu-like feelings lasted,C19VAC1FDY,Conditional (e.g. skip pattern),"Integers 1-777, 999","1, 1|2, 2|3, 3|4, 4|5, 5|6, 6|7, 7|8, 8|9, 9|10, 10|11, 11|12, 12|13, 13|14, 14|15, 15|16, 16|17, 17|18, 18|19, 19|20, 20|21, 21|22, 22|23, 23|24, 24|25, 25|26, 26|27, 27|28, 28|29, 29|30, 30|31, 31|32, 32|33, 33|34, 34|35, 35|36, 36|37, 37|38, 38|39, 39|40, 40|41, 41|42, 42|43, 43|44, 44|45, 45|46, 46|47, 47|48, 48|49, 49|50, 50|51, 51|52, 52|53, 53|54, 54|55, 55|56, 56|57, 57|58, 58|59, 59|60, 60|61, 61|62, 62|63, 63|64, 64|65, 65|66, 66|67, 67|68, 68|69, 69|70, 70|71, 71|72, 72|73, 73|74, 74|75, 75|76, 76|77, 77|78, 78|79, 79|80, 80|81, 81|82, 82|83, 83|84, 84|85, 85|86, 86|87, 87|88, 88|89, 89|90, 90|91, 91|92, 92|93, 93|94, 94|95, 95|96, 96|97, 97|98, 98|99, 99|100, 100|101, 101|102, 102|103, 103|104, 104|105, 105|106, 106|107, 107|108, 108|109, 109|110, 110|111, 111|112, 112|113, 113|114, 114|115, 115|116, 116|117, 117|118, 118|119, 119|120, 120|121, 121|122, 122|123, 123|124, 124|125, 125|126, 126|127, 127|128, 128|129, 129|130, 130|131, 131|132, 132|133, 133|134, 134|135, 135|136, 136|137, 137|138, 138|139, 139|140, 140|141, 141|142, 142|143, 143|144, 144|145, 145|146, 146|147, 147|148, 148|149, 149|150, 150|151, 151|152, 152|153, 153|154, 154|155, 155|156, 156|157, 157|158, 158|159, 159|160, 160|161, 161|162, 162|163, 163|164, 164|165, 165|166, 166|167, 167|168, 168|169, 169|170, 170|171, 171|172, 172|173, 173|174, 174|175, 175|176, 176|177, 177|178, 178|179, 179|180, 180|181, 181|182, 182|183, 183|184, 184|185, 185|186, 186|187, 187|188, 188|189, 189|190, 190|191, 191|192, 192|193, 193|194, 194|195, 195|196, 196|197, 197|198, 198|199, 199|200, 200|201, 201|202, 202|203, 203|204, 204|205, 205|206, 206|207, 207|208, 208|209, 209|210, 210|211, 211|212, 212|213, 213|214, 214|215, 215|216, 216|217, 217|218, 218|219, 219|220, 220|221, 221|222, 222|223, 223|224, 224|225, 225|226, 226|227, 227|228, 228|229, 229|230, 230|231, 231|232, 232|233, 233|234, 234|235, 235|236, 236|237, 237|238, 238|239, 239|240, 240|241, 241|242, 242|243, 243|244, 244|245, 245|246, 246|247, 247|248, 248|249, 249|250, 250|251, 251|252, 252|253, 253|254, 254|255, 255|256, 256|257, 257|258, 258|259, 259|260, 260|261, 261|262, 262|263, 263|264, 264|265, 265|266, 266|267, 267|268, 268|269, 269|270, 270|271, 271|272, 272|273, 273|274, 274|275, 275|276, 276|277, 277|278, 278|279, 279|280, 280|281, 281|282, 282|283, 283|284, 284|285, 285|286, 286|287, 287|288, 288|289, 289|290, 290|291, 291|292, 292|293, 293|294, 294|295, 295|296, 296|297, 297|298, 298|299, 299|300, 300|301, 301|302, 302|303, 303|304, 304|305, 305|306, 306|307, 307|308, 308|309, 309|310, 310|311, 311|312, 312|313, 313|314, 314|315, 315|316, 316|317, 317|318, 318|319, 319|320, 320|321, 321|322, 322|323, 323|324, 324|325, 325|326, 326|327, 327|328, 328|329, 329|330, 330|331, 331|332, 332|333, 333|334, 334|335, 335|336, 336|337, 337|338, 338|339, 339|340, 340|341, 341|342, 342|343, 343|344, 344|345, 345|346, 346|347, 347|348, 348|349, 349|350, 350|351, 351|352, 352|353, 353|354, 354|355, 355|356, 356|357, 357|358, 358|359, 359|360, 360|361, 361|362, 362|363, 363|364, 364|365, 365|366, 366|367, 367|368, 368|369, 369|370, 370|371, 371|372, 372|373, 373|374, 374|375, 375|376, 376|377, 377|378, 378|379, 379|380, 380|381, 381|382, 382|383, 383|384, 384|385, 385|386, 386|387, 387|388, 388|389, 389|390, 390|391, 391|392, 392|393, 393|394, 394|395, 395|396, 396|397, 397|398, 398|399, 399|400, 400|401, 401|402, 402|403, 403|404, 404|405, 405|406, 406|407, 407|408, 408|409, 409|410, 410|411, 411|412, 412|413, 413|414, 414|415, 415|416, 416|417, 417|418, 418|419, 419|420, 420|421, 421|422, 422|423, 423|424, 424|425, 425|426, 426|427, 427|428, 428|429, 429|430, 430|431, 431|432, 432|433, 433|434, 434|435, 435|436, 436|437, 437|438, 438|439, 439|440, 440|441, 441|442, 442|443, 443|444, 444|445, 445|446, 446|447, 447|448, 448|449, 449|450, 450|451, 451|452, 452|453, 453|454, 454|455, 455|456, 456|457, 457|458, 458|459, 459|460, 460|461, 461|462, 462|463, 463|464, 464|465, 465|466, 466|467, 467|468, 468|469, 469|470, 470|471, 471|472, 472|473, 473|474, 474|475, 475|476, 476|477, 477|478, 478|479, 479|480, 480|481, 481|482, 482|483, 483|484, 484|485, 485|486, 486|487, 487|488, 488|489, 489|490, 490|491, 491|492, 492|493, 493|494, 494|495, 495|496, 496|497, 497|498, 498|499, 499|500, 500|501, 501|502, 502|503, 503|504, 504|505, 505|506, 506|507, 507|508, 508|509, 509|510, 510|511, 511|512, 512|513, 513|514, 514|515, 515|516, 516|517, 517|518, 518|519, 519|520, 520|521, 521|522, 522|523, 523|524, 524|525, 525|526, 526|527, 527|528, 528|529, 529|530, 530|531, 531|532, 532|533, 533|534, 534|535, 535|536, 536|537, 537|538, 538|539, 539|540, 540|541, 541|542, 542|543, 543|544, 544|545, 545|546, 546|547, 547|548, 548|549, 549|550, 550|551, 551|552, 552|553, 553|554, 554|555, 555|556, 556|557, 557|558, 558|559, 559|560, 560|561, 561|562, 562|563, 563|564, 564|565, 565|566, 566|567, 567|568, 568|569, 569|570, 570|571, 571|572, 572|573, 573|574, 574|575, 575|576, 576|577, 577|578, 578|579, 579|580, 580|581, 581|582, 582|583, 583|584, 584|585, 585|586, 586|587, 587|588, 588|589, 589|590, 590|591, 591|592, 592|593, 593|594, 594|595, 595|596, 596|597, 597|598, 598|599, 599|600, 600|601, 601|602, 602|603, 603|604, 604|605, 605|606, 606|607, 607|608, 608|609, 609|610, 610|611, 611|612, 612|613, 613|614, 614|615, 615|616, 616|617, 617|618, 618|619, 619|620, 620|621, 621|622, 622|623, 623|624, 624|625, 625|626, 626|627, 627|628, 628|629, 629|630, 630|631, 631|632, 632|633, 633|634, 634|635, 635|636, 636|637, 637|638, 638|639, 639|640, 640|641, 641|642, 642|643, 643|644, 644|645, 645|646, 646|647, 647|648, 648|649, 649|650, 650|651, 651|652, 652|653, 653|654, 654|655, 655|656, 656|657, 657|658, 658|659, 659|660, 660|661, 661|662, 662|663, 663|664, 664|665, 665|666, 666|667, 667|668, 668|669, 669|670, 670|671, 671|672, 672|673, 673|674, 674|675, 675|676, 676|677, 677|678, 678|679, 679|680, 680|681, 681|682, 682|683, 683|684, 684|685, 685|686, 686|687, 687|688, 688|689, 689|690, 690|691, 691|692, 692|693, 693|694, 694|695, 695|696, 696|697, 697|698, 698|699, 699|700, 700|701, 701|702, 702|703, 703|704, 704|705, 705|706, 706|707, 707|708, 708|709, 709|710, 710|711, 711|712, 712|713, 713|714, 714|715, 715|716, 716|717, 717|718, 718|719, 719|720, 720|721, 721|722, 722|723, 723|724, 724|725, 725|726, 726|727, 727|728, 728|729, 729|730, 730|731, 731|732, 732|733, 733|734, 734|735, 735|736, 736|737, 737|738, 738|739, 739|740, 740|741, 741|742, 742|743, 743|744, 744|745, 745|746, 746|747, 747|748, 748|749, 749|750, 750|751, 751|752, 752|753, 753|754, 754|755, 755|756, 756|757, 757|758, 758|759, 759|760, 760|761, 761|762, 762|763, 763|764, 764|765, 765|766, 766|767, 767|768, 768|769, 769|770, 770|771, 771|772, 772|773, 773|774, 774|775, 775|776, 776|777, 777 = Continued through now|999, 999 = Unknown",Integer
F2,CV,"10c4c. Which of the following symptoms did you experience after your first vaccine: New problems with memory, thinking, or concentration",C19VAC1MEM,Conditional (e.g. skip pattern),"blank, 1",,Integer
F2,CV,"10c4c1. Number of days new problems with memory, thinking, or concentration lasted:",C19VAC1MDY,Conditional (e.g. skip pattern),"Integers 1-777, 999","1, 1|2, 2|3, 3|4, 4|5, 5|6, 6|7, 7|8, 8|9, 9|10, 10|11, 11|12, 12|13, 13|14, 14|15, 15|16, 16|17, 17|18, 18|19, 19|20, 20|21, 21|22, 22|23, 23|24, 24|25, 25|26, 26|27, 27|28, 28|29, 29|30, 30|31, 31|32, 32|33, 33|34, 34|35, 35|36, 36|37, 37|38, 38|39, 39|40, 40|41, 41|42, 42|43, 43|44, 44|45, 45|46, 46|47, 47|48, 48|49, 49|50, 50|51, 51|52, 52|53, 53|54, 54|55, 55|56, 56|57, 57|58, 58|59, 59|60, 60|61, 61|62, 62|63, 63|64, 64|65, 65|66, 66|67, 67|68, 68|69, 69|70, 70|71, 71|72, 72|73, 73|74, 74|75, 75|76, 76|77, 77|78, 78|79, 79|80, 80|81, 81|82, 82|83, 83|84, 84|85, 85|86, 86|87, 87|88, 88|89, 89|90, 90|91, 91|92, 92|93, 93|94, 94|95, 95|96, 96|97, 97|98, 98|99, 99|100, 100|101, 101|102, 102|103, 103|104, 104|105, 105|106, 106|107, 107|108, 108|109, 109|110, 110|111, 111|112, 112|113, 113|114, 114|115, 115|116, 116|117, 117|118, 118|119, 119|120, 120|121, 121|122, 122|123, 123|124, 124|125, 125|126, 126|127, 127|128, 128|129, 129|130, 130|131, 131|132, 132|133, 133|134, 134|135, 135|136, 136|137, 137|138, 138|139, 139|140, 140|141, 141|142, 142|143, 143|144, 144|145, 145|146, 146|147, 147|148, 148|149, 149|150, 150|151, 151|152, 152|153, 153|154, 154|155, 155|156, 156|157, 157|158, 158|159, 159|160, 160|161, 161|162, 162|163, 163|164, 164|165, 165|166, 166|167, 167|168, 168|169, 169|170, 170|171, 171|172, 172|173, 173|174, 174|175, 175|176, 176|177, 177|178, 178|179, 179|180, 180|181, 181|182, 182|183, 183|184, 184|185, 185|186, 186|187, 187|188, 188|189, 189|190, 190|191, 191|192, 192|193, 193|194, 194|195, 195|196, 196|197, 197|198, 198|199, 199|200, 200|201, 201|202, 202|203, 203|204, 204|205, 205|206, 206|207, 207|208, 208|209, 209|210, 210|211, 211|212, 212|213, 213|214, 214|215, 215|216, 216|217, 217|218, 218|219, 219|220, 220|221, 221|222, 222|223, 223|224, 224|225, 225|226, 226|227, 227|228, 228|229, 229|230, 230|231, 231|232, 232|233, 233|234, 234|235, 235|236, 236|237, 237|238, 238|239, 239|240, 240|241, 241|242, 242|243, 243|244, 244|245, 245|246, 246|247, 247|248, 248|249, 249|250, 250|251, 251|252, 252|253, 253|254, 254|255, 255|256, 256|257, 257|258, 258|259, 259|260, 260|261, 261|262, 262|263, 263|264, 264|265, 265|266, 266|267, 267|268, 268|269, 269|270, 270|271, 271|272, 272|273, 273|274, 274|275, 275|276, 276|277, 277|278, 278|279, 279|280, 280|281, 281|282, 282|283, 283|284, 284|285, 285|286, 286|287, 287|288, 288|289, 289|290, 290|291, 291|292, 292|293, 293|294, 294|295, 295|296, 296|297, 297|298, 298|299, 299|300, 300|301, 301|302, 302|303, 303|304, 304|305, 305|306, 306|307, 307|308, 308|309, 309|310, 310|311, 311|312, 312|313, 313|314, 314|315, 315|316, 316|317, 317|318, 318|319, 319|320, 320|321, 321|322, 322|323, 323|324, 324|325, 325|326, 326|327, 327|328, 328|329, 329|330, 330|331, 331|332, 332|333, 333|334, 334|335, 335|336, 336|337, 337|338, 338|339, 339|340, 340|341, 341|342, 342|343, 343|344, 344|345, 345|346, 346|347, 347|348, 348|349, 349|350, 350|351, 351|352, 352|353, 353|354, 354|355, 355|356, 356|357, 357|358, 358|359, 359|360, 360|361, 361|362, 362|363, 363|364, 364|365, 365|366, 366|367, 367|368, 368|369, 369|370, 370|371, 371|372, 372|373, 373|374, 374|375, 375|376, 376|377, 377|378, 378|379, 379|380, 380|381, 381|382, 382|383, 383|384, 384|385, 385|386, 386|387, 387|388, 388|389, 389|390, 390|391, 391|392, 392|393, 393|394, 394|395, 395|396, 396|397, 397|398, 398|399, 399|400, 400|401, 401|402, 402|403, 403|404, 404|405, 405|406, 406|407, 407|408, 408|409, 409|410, 410|411, 411|412, 412|413, 413|414, 414|415, 415|416, 416|417, 417|418, 418|419, 419|420, 420|421, 421|422, 422|423, 423|424, 424|425, 425|426, 426|427, 427|428, 428|429, 429|430, 430|431, 431|432, 432|433, 433|434, 434|435, 435|436, 436|437, 437|438, 438|439, 439|440, 440|441, 441|442, 442|443, 443|444, 444|445, 445|446, 446|447, 447|448, 448|449, 449|450, 450|451, 451|452, 452|453, 453|454, 454|455, 455|456, 456|457, 457|458, 458|459, 459|460, 460|461, 461|462, 462|463, 463|464, 464|465, 465|466, 466|467, 467|468, 468|469, 469|470, 470|471, 471|472, 472|473, 473|474, 474|475, 475|476, 476|477, 477|478, 478|479, 479|480, 480|481, 481|482, 482|483, 483|484, 484|485, 485|486, 486|487, 487|488, 488|489, 489|490, 490|491, 491|492, 492|493, 493|494, 494|495, 495|496, 496|497, 497|498, 498|499, 499|500, 500|501, 501|502, 502|503, 503|504, 504|505, 505|506, 506|507, 507|508, 508|509, 509|510, 510|511, 511|512, 512|513, 513|514, 514|515, 515|516, 516|517, 517|518, 518|519, 519|520, 520|521, 521|522, 522|523, 523|524, 524|525, 525|526, 526|527, 527|528, 528|529, 529|530, 530|531, 531|532, 532|533, 533|534, 534|535, 535|536, 536|537, 537|538, 538|539, 539|540, 540|541, 541|542, 542|543, 543|544, 544|545, 545|546, 546|547, 547|548, 548|549, 549|550, 550|551, 551|552, 552|553, 553|554, 554|555, 555|556, 556|557, 557|558, 558|559, 559|560, 560|561, 561|562, 562|563, 563|564, 564|565, 565|566, 566|567, 567|568, 568|569, 569|570, 570|571, 571|572, 572|573, 573|574, 574|575, 575|576, 576|577, 577|578, 578|579, 579|580, 580|581, 581|582, 582|583, 583|584, 584|585, 585|586, 586|587, 587|588, 588|589, 589|590, 590|591, 591|592, 592|593, 593|594, 594|595, 595|596, 596|597, 597|598, 598|599, 599|600, 600|601, 601|602, 602|603, 603|604, 604|605, 605|606, 606|607, 607|608, 608|609, 609|610, 610|611, 611|612, 612|613, 613|614, 614|615, 615|616, 616|617, 617|618, 618|619, 619|620, 620|621, 621|622, 622|623, 623|624, 624|625, 625|626, 626|627, 627|628, 628|629, 629|630, 630|631, 631|632, 632|633, 633|634, 634|635, 635|636, 636|637, 637|638, 638|639, 639|640, 640|641, 641|642, 642|643, 643|644, 644|645, 645|646, 646|647, 647|648, 648|649, 649|650, 650|651, 651|652, 652|653, 653|654, 654|655, 655|656, 656|657, 657|658, 658|659, 659|660, 660|661, 661|662, 662|663, 663|664, 664|665, 665|666, 666|667, 667|668, 668|669, 669|670, 670|671, 671|672, 672|673, 673|674, 674|675, 675|676, 676|677, 677|678, 678|679, 679|680, 680|681, 681|682, 682|683, 683|684, 684|685, 685|686, 686|687, 687|688, 688|689, 689|690, 690|691, 691|692, 692|693, 693|694, 694|695, 695|696, 696|697, 697|698, 698|699, 699|700, 700|701, 701|702, 702|703, 703|704, 704|705, 705|706, 706|707, 707|708, 708|709, 709|710, 710|711, 711|712, 712|713, 713|714, 714|715, 715|716, 716|717, 717|718, 718|719, 719|720, 720|721, 721|722, 722|723, 723|724, 724|725, 725|726, 726|727, 727|728, 728|729, 729|730, 730|731, 731|732, 732|733, 733|734, 734|735, 735|736, 736|737, 737|738, 738|739, 739|740, 740|741, 741|742, 742|743, 743|744, 744|745, 745|746, 746|747, 747|748, 748|749, 749|750, 750|751, 751|752, 752|753, 753|754, 754|755, 755|756, 756|757, 757|758, 758|759, 759|760, 760|761, 761|762, 762|763, 763|764, 764|765, 765|766, 766|767, 767|768, 768|769, 769|770, 770|771, 771|772, 772|773, 773|774, 774|775, 775|776, 776|777, 777 = Continued through now|999, 999 = Unknown",Integer
F2,CV,10c4d. Which of the following symptoms did you experience after your first vaccine: Decline to answer,C19VAC1DEC,Conditional (e.g. skip pattern),"blank, 1",,Integer
F2,CV,10c4e. Which of the following symptoms did you experience after your first vaccine: Unknown,C19VAC1UNK,Conditional (e.g. skip pattern),"blank, 1",,Integer
F2,CV,10d1a. When did you receive your second COVID-19 vaccination: month?,C19VAC2MO,Conditional (e.g. skip pattern),"Integers 1-12, 88, 99","1, 1|2, 2|3, 3|4, 4|5, 5|6, 6|7, 7|8, 8|9, 9|10, 10|11, 11|12, 12|88, 88 = Decline to answer|99, 99 = Unknown",Integer
F2,CV,10d1b. When did you receive your second COVID-19 vaccination: year?,C19VAC2YR,Conditional (e.g. skip pattern),"2020 to current year, 8888, 9999","2020 to current year|8888, 8888 = Decline to answer|9999, 9999 = Unknown",Integer
F2,CV,10d2. Which COVID-19 vaccine did you receive?,C19TVAC2,Conditional (e.g. skip pattern),"Integers 1-3, 8, 9","1, Pfizer|2, Moderna|3, Other (Specify)|8, Decline to answer|9, Unsure/unknown",Integer
F2,CV,10d2a. Other specify,C19TVAC2OX,Conditional (e.g. skip pattern),text,,String
F2,CV,10d3. Did you experience any symptoms within 5 days of your second COVID-19 vaccination?,C19SVAC2,Conditional (e.g. skip pattern),"Integers 0, 1, 8, 9","0, No|1, Yes|8, Decline to answer|9, Unsure/unknown",Integer
F2,CV,10d4a. Which of the following symptoms did you experience after your second vaccine: Sore arm,C19VAC2ARM,Conditional (e.g. skip pattern),"blank, 1 ",,Integer
F2,CV,10d4a1. Number of days sore arm lasted:,C19VAC2ADY,Conditional (e.g. skip pattern),"Integers 1-777, 999","1, 1|2, 2|3, 3|4, 4|5, 5|6, 6|7, 7|8, 8|9, 9|10, 10|11, 11|12, 12|13, 13|14, 14|15, 15|16, 16|17, 17|18, 18|19, 19|20, 20|21, 21|22, 22|23, 23|24, 24|25, 25|26, 26|27, 27|28, 28|29, 29|30, 30|31, 31|32, 32|33, 33|34, 34|35, 35|36, 36|37, 37|38, 38|39, 39|40, 40|41, 41|42, 42|43, 43|44, 44|45, 45|46, 46|47, 47|48, 48|49, 49|50, 50|51, 51|52, 52|53, 53|54, 54|55, 55|56, 56|57, 57|58, 58|59, 59|60, 60|61, 61|62, 62|63, 63|64, 64|65, 65|66, 66|67, 67|68, 68|69, 69|70, 70|71, 71|72, 72|73, 73|74, 74|75, 75|76, 76|77, 77|78, 78|79, 79|80, 80|81, 81|82, 82|83, 83|84, 84|85, 85|86, 86|87, 87|88, 88|89, 89|90, 90|91, 91|92, 92|93, 93|94, 94|95, 95|96, 96|97, 97|98, 98|99, 99|100, 100|101, 101|102, 102|103, 103|104, 104|105, 105|106, 106|107, 107|108, 108|109, 109|110, 110|111, 111|112, 112|113, 113|114, 114|115, 115|116, 116|117, 117|118, 118|119, 119|120, 120|121, 121|122, 122|123, 123|124, 124|125, 125|126, 126|127, 127|128, 128|129, 129|130, 130|131, 131|132, 132|133, 133|134, 134|135, 135|136, 136|137, 137|138, 138|139, 139|140, 140|141, 141|142, 142|143, 143|144, 144|145, 145|146, 146|147, 147|148, 148|149, 149|150, 150|151, 151|152, 152|153, 153|154, 154|155, 155|156, 156|157, 157|158, 158|159, 159|160, 160|161, 161|162, 162|163, 163|164, 164|165, 165|166, 166|167, 167|168, 168|169, 169|170, 170|171, 171|172, 172|173, 173|174, 174|175, 175|176, 176|177, 177|178, 178|179, 179|180, 180|181, 181|182, 182|183, 183|184, 184|185, 185|186, 186|187, 187|188, 188|189, 189|190, 190|191, 191|192, 192|193, 193|194, 194|195, 195|196, 196|197, 197|198, 198|199, 199|200, 200|201, 201|202, 202|203, 203|204, 204|205, 205|206, 206|207, 207|208, 208|209, 209|210, 210|211, 211|212, 212|213, 213|214, 214|215, 215|216, 216|217, 217|218, 218|219, 219|220, 220|221, 221|222, 222|223, 223|224, 224|225, 225|226, 226|227, 227|228, 228|229, 229|230, 230|231, 231|232, 232|233, 233|234, 234|235, 235|236, 236|237, 237|238, 238|239, 239|240, 240|241, 241|242, 242|243, 243|244, 244|245, 245|246, 246|247, 247|248, 248|249, 249|250, 250|251, 251|252, 252|253, 253|254, 254|255, 255|256, 256|257, 257|258, 258|259, 259|260, 260|261, 261|262, 262|263, 263|264, 264|265, 265|266, 266|267, 267|268, 268|269, 269|270, 270|271, 271|272, 272|273, 273|274, 274|275, 275|276, 276|277, 277|278, 278|279, 279|280, 280|281, 281|282, 282|283, 283|284, 284|285, 285|286, 286|287, 287|288, 288|289, 289|290, 290|291, 291|292, 292|293, 293|294, 294|295, 295|296, 296|297, 297|298, 298|299, 299|300, 300|301, 301|302, 302|303, 303|304, 304|305, 305|306, 306|307, 307|308, 308|309, 309|310, 310|311, 311|312, 312|313, 313|314, 314|315, 315|316, 316|317, 317|318, 318|319, 319|320, 320|321, 321|322, 322|323, 323|324, 324|325, 325|326, 326|327, 327|328, 328|329, 329|330, 330|331, 331|332, 332|333, 333|334, 334|335, 335|336, 336|337, 337|338, 338|339, 339|340, 340|341, 341|342, 342|343, 343|344, 344|345, 345|346, 346|347, 347|348, 348|349, 349|350, 350|351, 351|352, 352|353, 353|354, 354|355, 355|356, 356|357, 357|358, 358|359, 359|360, 360|361, 361|362, 362|363, 363|364, 364|365, 365|366, 366|367, 367|368, 368|369, 369|370, 370|371, 371|372, 372|373, 373|374, 374|375, 375|376, 376|377, 377|378, 378|379, 379|380, 380|381, 381|382, 382|383, 383|384, 384|385, 385|386, 386|387, 387|388, 388|389, 389|390, 390|391, 391|392, 392|393, 393|394, 394|395, 395|396, 396|397, 397|398, 398|399, 399|400, 400|401, 401|402, 402|403, 403|404, 404|405, 405|406, 406|407, 407|408, 408|409, 409|410, 410|411, 411|412, 412|413, 413|414, 414|415, 415|416, 416|417, 417|418, 418|419, 419|420, 420|421, 421|422, 422|423, 423|424, 424|425, 425|426, 426|427, 427|428, 428|429, 429|430, 430|431, 431|432, 432|433, 433|434, 434|435, 435|436, 436|437, 437|438, 438|439, 439|440, 440|441, 441|442, 442|443, 443|444, 444|445, 445|446, 446|447, 447|448, 448|449, 449|450, 450|451, 451|452, 452|453, 453|454, 454|455, 455|456, 456|457, 457|458, 458|459, 459|460, 460|461, 461|462, 462|463, 463|464, 464|465, 465|466, 466|467, 467|468, 468|469, 469|470, 470|471, 471|472, 472|473, 473|474, 474|475, 475|476, 476|477, 477|478, 478|479, 479|480, 480|481, 481|482, 482|483, 483|484, 484|485, 485|486, 486|487, 487|488, 488|489, 489|490, 490|491, 491|492, 492|493, 493|494, 494|495, 495|496, 496|497, 497|498, 498|499, 499|500, 500|501, 501|502, 502|503, 503|504, 504|505, 505|506, 506|507, 507|508, 508|509, 509|510, 510|511, 511|512, 512|513, 513|514, 514|515, 515|516, 516|517, 517|518, 518|519, 519|520, 520|521, 521|522, 522|523, 523|524, 524|525, 525|526, 526|527, 527|528, 528|529, 529|530, 530|531, 531|532, 532|533, 533|534, 534|535, 535|536, 536|537, 537|538, 538|539, 539|540, 540|541, 541|542, 542|543, 543|544, 544|545, 545|546, 546|547, 547|548, 548|549, 549|550, 550|551, 551|552, 552|553, 553|554, 554|555, 555|556, 556|557, 557|558, 558|559, 559|560, 560|561, 561|562, 562|563, 563|564, 564|565, 565|566, 566|567, 567|568, 568|569, 569|570, 570|571, 571|572, 572|573, 573|574, 574|575, 575|576, 576|577, 577|578, 578|579, 579|580, 580|581, 581|582, 582|583, 583|584, 584|585, 585|586, 586|587, 587|588, 588|589, 589|590, 590|591, 591|592, 592|593, 593|594, 594|595, 595|596, 596|597, 597|598, 598|599, 599|600, 600|601, 601|602, 602|603, 603|604, 604|605, 605|606, 606|607, 607|608, 608|609, 609|610, 610|611, 611|612, 612|613, 613|614, 614|615, 615|616, 616|617, 617|618, 618|619, 619|620, 620|621, 621|622, 622|623, 623|624, 624|625, 625|626, 626|627, 627|628, 628|629, 629|630, 630|631, 631|632, 632|633, 633|634, 634|635, 635|636, 636|637, 637|638, 638|639, 639|640, 640|641, 641|642, 642|643, 643|644, 644|645, 645|646, 646|647, 647|648, 648|649, 649|650, 650|651, 651|652, 652|653, 653|654, 654|655, 655|656, 656|657, 657|658, 658|659, 659|660, 660|661, 661|662, 662|663, 663|664, 664|665, 665|666, 666|667, 667|668, 668|669, 669|670, 670|671, 671|672, 672|673, 673|674, 674|675, 675|676, 676|677, 677|678, 678|679, 679|680, 680|681, 681|682, 682|683, 683|684, 684|685, 685|686, 686|687, 687|688, 688|689, 689|690, 690|691, 691|692, 692|693, 693|694, 694|695, 695|696, 696|697, 697|698, 698|699, 699|700, 700|701, 701|702, 702|703, 703|704, 704|705, 705|706, 706|707, 707|708, 708|709, 709|710, 710|711, 711|712, 712|713, 713|714, 714|715, 715|716, 716|717, 717|718, 718|719, 719|720, 720|721, 721|722, 722|723, 723|724, 724|725, 725|726, 726|727, 727|728, 728|729, 729|730, 730|731, 731|732, 732|733, 733|734, 734|735, 735|736, 736|737, 737|738, 738|739, 739|740, 740|741, 741|742, 742|743, 743|744, 744|745, 745|746, 746|747, 747|748, 748|749, 749|750, 750|751, 751|752, 752|753, 753|754, 754|755, 755|756, 756|757, 757|758, 758|759, 759|760, 760|761, 761|762, 762|763, 763|764, 764|765, 765|766, 766|767, 767|768, 768|769, 769|770, 770|771, 771|772, 772|773, 773|774, 774|775, 775|776, 776|777, 777 = Continued through now|999, 999 = Unknown",Integer
F2,CV,"10d4b. Which of the following symptoms did you experience after your second vaccine: Flu-like feelings (fever, chills, tiredness, or “malaise”)",C19VAC2FLU,Conditional (e.g. skip pattern),"blank, 1",,Integer
F2,CV,10d4b1. Number of days flu-like feelings lasted,C19VAC2FDY,Conditional (e.g. skip pattern),"Integers 1-777, 999","1, 1|2, 2|3, 3|4, 4|5, 5|6, 6|7, 7|8, 8|9, 9|10, 10|11, 11|12, 12|13, 13|14, 14|15, 15|16, 16|17, 17|18, 18|19, 19|20, 20|21, 21|22, 22|23, 23|24, 24|25, 25|26, 26|27, 27|28, 28|29, 29|30, 30|31, 31|32, 32|33, 33|34, 34|35, 35|36, 36|37, 37|38, 38|39, 39|40, 40|41, 41|42, 42|43, 43|44, 44|45, 45|46, 46|47, 47|48, 48|49, 49|50, 50|51, 51|52, 52|53, 53|54, 54|55, 55|56, 56|57, 57|58, 58|59, 59|60, 60|61, 61|62, 62|63, 63|64, 64|65, 65|66, 66|67, 67|68, 68|69, 69|70, 70|71, 71|72, 72|73, 73|74, 74|75, 75|76, 76|77, 77|78, 78|79, 79|80, 80|81, 81|82, 82|83, 83|84, 84|85, 85|86, 86|87, 87|88, 88|89, 89|90, 90|91, 91|92, 92|93, 93|94, 94|95, 95|96, 96|97, 97|98, 98|99, 99|100, 100|101, 101|102, 102|103, 103|104, 104|105, 105|106, 106|107, 107|108, 108|109, 109|110, 110|111, 111|112, 112|113, 113|114, 114|115, 115|116, 116|117, 117|118, 118|119, 119|120, 120|121, 121|122, 122|123, 123|124, 124|125, 125|126, 126|127, 127|128, 128|129, 129|130, 130|131, 131|132, 132|133, 133|134, 134|135, 135|136, 136|137, 137|138, 138|139, 139|140, 140|141, 141|142, 142|143, 143|144, 144|145, 145|146, 146|147, 147|148, 148|149, 149|150, 150|151, 151|152, 152|153, 153|154, 154|155, 155|156, 156|157, 157|158, 158|159, 159|160, 160|161, 161|162, 162|163, 163|164, 164|165, 165|166, 166|167, 167|168, 168|169, 169|170, 170|171, 171|172, 172|173, 173|174, 174|175, 175|176, 176|177, 177|178, 178|179, 179|180, 180|181, 181|182, 182|183, 183|184, 184|185, 185|186, 186|187, 187|188, 188|189, 189|190, 190|191, 191|192, 192|193, 193|194, 194|195, 195|196, 196|197, 197|198, 198|199, 199|200, 200|201, 201|202, 202|203, 203|204, 204|205, 205|206, 206|207, 207|208, 208|209, 209|210, 210|211, 211|212, 212|213, 213|214, 214|215, 215|216, 216|217, 217|218, 218|219, 219|220, 220|221, 221|222, 222|223, 223|224, 224|225, 225|226, 226|227, 227|228, 228|229, 229|230, 230|231, 231|232, 232|233, 233|234, 234|235, 235|236, 236|237, 237|238, 238|239, 239|240, 240|241, 241|242, 242|243, 243|244, 244|245, 245|246, 246|247, 247|248, 248|249, 249|250, 250|251, 251|252, 252|253, 253|254, 254|255, 255|256, 256|257, 257|258, 258|259, 259|260, 260|261, 261|262, 262|263, 263|264, 264|265, 265|266, 266|267, 267|268, 268|269, 269|270, 270|271, 271|272, 272|273, 273|274, 274|275, 275|276, 276|277, 277|278, 278|279, 279|280, 280|281, 281|282, 282|283, 283|284, 284|285, 285|286, 286|287, 287|288, 288|289, 289|290, 290|291, 291|292, 292|293, 293|294, 294|295, 295|296, 296|297, 297|298, 298|299, 299|300, 300|301, 301|302, 302|303, 303|304, 304|305, 305|306, 306|307, 307|308, 308|309, 309|310, 310|311, 311|312, 312|313, 313|314, 314|315, 315|316, 316|317, 317|318, 318|319, 319|320, 320|321, 321|322, 322|323, 323|324, 324|325, 325|326, 326|327, 327|328, 328|329, 329|330, 330|331, 331|332, 332|333, 333|334, 334|335, 335|336, 336|337, 337|338, 338|339, 339|340, 340|341, 341|342, 342|343, 343|344, 344|345, 345|346, 346|347, 347|348, 348|349, 349|350, 350|351, 351|352, 352|353, 353|354, 354|355, 355|356, 356|357, 357|358, 358|359, 359|360, 360|361, 361|362, 362|363, 363|364, 364|365, 365|366, 366|367, 367|368, 368|369, 369|370, 370|371, 371|372, 372|373, 373|374, 374|375, 375|376, 376|377, 377|378, 378|379, 379|380, 380|381, 381|382, 382|383, 383|384, 384|385, 385|386, 386|387, 387|388, 388|389, 389|390, 390|391, 391|392, 392|393, 393|394, 394|395, 395|396, 396|397, 397|398, 398|399, 399|400, 400|401, 401|402, 402|403, 403|404, 404|405, 405|406, 406|407, 407|408, 408|409, 409|410, 410|411, 411|412, 412|413, 413|414, 414|415, 415|416, 416|417, 417|418, 418|419, 419|420, 420|421, 421|422, 422|423, 423|424, 424|425, 425|426, 426|427, 427|428, 428|429, 429|430, 430|431, 431|432, 432|433, 433|434, 434|435, 435|436, 436|437, 437|438, 438|439, 439|440, 440|441, 441|442, 442|443, 443|444, 444|445, 445|446, 446|447, 447|448, 448|449, 449|450, 450|451, 451|452, 452|453, 453|454, 454|455, 455|456, 456|457, 457|458, 458|459, 459|460, 460|461, 461|462, 462|463, 463|464, 464|465, 465|466, 466|467, 467|468, 468|469, 469|470, 470|471, 471|472, 472|473, 473|474, 474|475, 475|476, 476|477, 477|478, 478|479, 479|480, 480|481, 481|482, 482|483, 483|484, 484|485, 485|486, 486|487, 487|488, 488|489, 489|490, 490|491, 491|492, 492|493, 493|494, 494|495, 495|496, 496|497, 497|498, 498|499, 499|500, 500|501, 501|502, 502|503, 503|504, 504|505, 505|506, 506|507, 507|508, 508|509, 509|510, 510|511, 511|512, 512|513, 513|514, 514|515, 515|516, 516|517, 517|518, 518|519, 519|520, 520|521, 521|522, 522|523, 523|524, 524|525, 525|526, 526|527, 527|528, 528|529, 529|530, 530|531, 531|532, 532|533, 533|534, 534|535, 535|536, 536|537, 537|538, 538|539, 539|540, 540|541, 541|542, 542|543, 543|544, 544|545, 545|546, 546|547, 547|548, 548|549, 549|550, 550|551, 551|552, 552|553, 553|554, 554|555, 555|556, 556|557, 557|558, 558|559, 559|560, 560|561, 561|562, 562|563, 563|564, 564|565, 565|566, 566|567, 567|568, 568|569, 569|570, 570|571, 571|572, 572|573, 573|574, 574|575, 575|576, 576|577, 577|578, 578|579, 579|580, 580|581, 581|582, 582|583, 583|584, 584|585, 585|586, 586|587, 587|588, 588|589, 589|590, 590|591, 591|592, 592|593, 593|594, 594|595, 595|596, 596|597, 597|598, 598|599, 599|600, 600|601, 601|602, 602|603, 603|604, 604|605, 605|606, 606|607, 607|608, 608|609, 609|610, 610|611, 611|612, 612|613, 613|614, 614|615, 615|616, 616|617, 617|618, 618|619, 619|620, 620|621, 621|622, 622|623, 623|624, 624|625, 625|626, 626|627, 627|628, 628|629, 629|630, 630|631, 631|632, 632|633, 633|634, 634|635, 635|636, 636|637, 637|638, 638|639, 639|640, 640|641, 641|642, 642|643, 643|644, 644|645, 645|646, 646|647, 647|648, 648|649, 649|650, 650|651, 651|652, 652|653, 653|654, 654|655, 655|656, 656|657, 657|658, 658|659, 659|660, 660|661, 661|662, 662|663, 663|664, 664|665, 665|666, 666|667, 667|668, 668|669, 669|670, 670|671, 671|672, 672|673, 673|674, 674|675, 675|676, 676|677, 677|678, 678|679, 679|680, 680|681, 681|682, 682|683, 683|684, 684|685, 685|686, 686|687, 687|688, 688|689, 689|690, 690|691, 691|692, 692|693, 693|694, 694|695, 695|696, 696|697, 697|698, 698|699, 699|700, 700|701, 701|702, 702|703, 703|704, 704|705, 705|706, 706|707, 707|708, 708|709, 709|710, 710|711, 711|712, 712|713, 713|714, 714|715, 715|716, 716|717, 717|718, 718|719, 719|720, 720|721, 721|722, 722|723, 723|724, 724|725, 725|726, 726|727, 727|728, 728|729, 729|730, 730|731, 731|732, 732|733, 733|734, 734|735, 735|736, 736|737, 737|738, 738|739, 739|740, 740|741, 741|742, 742|743, 743|744, 744|745, 745|746, 746|747, 747|748, 748|749, 749|750, 750|751, 751|752, 752|753, 753|754, 754|755, 755|756, 756|757, 757|758, 758|759, 759|760, 760|761, 761|762, 762|763, 763|764, 764|765, 765|766, 766|767, 767|768, 768|769, 769|770, 770|771, 771|772, 772|773, 773|774, 774|775, 775|776, 776|777, 777 = Continued through now|999, 999 = Unknown",Integer
F2,CV,"10d4c. Which of the following symptoms did you experience after your second vaccine: New problems with memory, thinking, or concentration",C19VAC2MEM,Conditional (e.g. skip pattern),"blank, 1",,Integer
F2,CV,"10d4c1. Number of days new problems with memory, thinking, or concentration lasted:",C19VAC2MDY,Conditional (e.g. skip pattern),"Integers 1-777, 999","1, 1|2, 2|3, 3|4, 4|5, 5|6, 6|7, 7|8, 8|9, 9|10, 10|11, 11|12, 12|13, 13|14, 14|15, 15|16, 16|17, 17|18, 18|19, 19|20, 20|21, 21|22, 22|23, 23|24, 24|25, 25|26, 26|27, 27|28, 28|29, 29|30, 30|31, 31|32, 32|33, 33|34, 34|35, 35|36, 36|37, 37|38, 38|39, 39|40, 40|41, 41|42, 42|43, 43|44, 44|45, 45|46, 46|47, 47|48, 48|49, 49|50, 50|51, 51|52, 52|53, 53|54, 54|55, 55|56, 56|57, 57|58, 58|59, 59|60, 60|61, 61|62, 62|63, 63|64, 64|65, 65|66, 66|67, 67|68, 68|69, 69|70, 70|71, 71|72, 72|73, 73|74, 74|75, 75|76, 76|77, 77|78, 78|79, 79|80, 80|81, 81|82, 82|83, 83|84, 84|85, 85|86, 86|87, 87|88, 88|89, 89|90, 90|91, 91|92, 92|93, 93|94, 94|95, 95|96, 96|97, 97|98, 98|99, 99|100, 100|101, 101|102, 102|103, 103|104, 104|105, 105|106, 106|107, 107|108, 108|109, 109|110, 110|111, 111|112, 112|113, 113|114, 114|115, 115|116, 116|117, 117|118, 118|119, 119|120, 120|121, 121|122, 122|123, 123|124, 124|125, 125|126, 126|127, 127|128, 128|129, 129|130, 130|131, 131|132, 132|133, 133|134, 134|135, 135|136, 136|137, 137|138, 138|139, 139|140, 140|141, 141|142, 142|143, 143|144, 144|145, 145|146, 146|147, 147|148, 148|149, 149|150, 150|151, 151|152, 152|153, 153|154, 154|155, 155|156, 156|157, 157|158, 158|159, 159|160, 160|161, 161|162, 162|163, 163|164, 164|165, 165|166, 166|167, 167|168, 168|169, 169|170, 170|171, 171|172, 172|173, 173|174, 174|175, 175|176, 176|177, 177|178, 178|179, 179|180, 180|181, 181|182, 182|183, 183|184, 184|185, 185|186, 186|187, 187|188, 188|189, 189|190, 190|191, 191|192, 192|193, 193|194, 194|195, 195|196, 196|197, 197|198, 198|199, 199|200, 200|201, 201|202, 202|203, 203|204, 204|205, 205|206, 206|207, 207|208, 208|209, 209|210, 210|211, 211|212, 212|213, 213|214, 214|215, 215|216, 216|217, 217|218, 218|219, 219|220, 220|221, 221|222, 222|223, 223|224, 224|225, 225|226, 226|227, 227|228, 228|229, 229|230, 230|231, 231|232, 232|233, 233|234, 234|235, 235|236, 236|237, 237|238, 238|239, 239|240, 240|241, 241|242, 242|243, 243|244, 244|245, 245|246, 246|247, 247|248, 248|249, 249|250, 250|251, 251|252, 252|253, 253|254, 254|255, 255|256, 256|257, 257|258, 258|259, 259|260, 260|261, 261|262, 262|263, 263|264, 264|265, 265|266, 266|267, 267|268, 268|269, 269|270, 270|271, 271|272, 272|273, 273|274, 274|275, 275|276, 276|277, 277|278, 278|279, 279|280, 280|281, 281|282, 282|283, 283|284, 284|285, 285|286, 286|287, 287|288, 288|289, 289|290, 290|291, 291|292, 292|293, 293|294, 294|295, 295|296, 296|297, 297|298, 298|299, 299|300, 300|301, 301|302, 302|303, 303|304, 304|305, 305|306, 306|307, 307|308, 308|309, 309|310, 310|311, 311|312, 312|313, 313|314, 314|315, 315|316, 316|317, 317|318, 318|319, 319|320, 320|321, 321|322, 322|323, 323|324, 324|325, 325|326, 326|327, 327|328, 328|329, 329|330, 330|331, 331|332, 332|333, 333|334, 334|335, 335|336, 336|337, 337|338, 338|339, 339|340, 340|341, 341|342, 342|343, 343|344, 344|345, 345|346, 346|347, 347|348, 348|349, 349|350, 350|351, 351|352, 352|353, 353|354, 354|355, 355|356, 356|357, 357|358, 358|359, 359|360, 360|361, 361|362, 362|363, 363|364, 364|365, 365|366, 366|367, 367|368, 368|369, 369|370, 370|371, 371|372, 372|373, 373|374, 374|375, 375|376, 376|377, 377|378, 378|379, 379|380, 380|381, 381|382, 382|383, 383|384, 384|385, 385|386, 386|387, 387|388, 388|389, 389|390, 390|391, 391|392, 392|393, 393|394, 394|395, 395|396, 396|397, 397|398, 398|399, 399|400, 400|401, 401|402, 402|403, 403|404, 404|405, 405|406, 406|407, 407|408, 408|409, 409|410, 410|411, 411|412, 412|413, 413|414, 414|415, 415|416, 416|417, 417|418, 418|419, 419|420, 420|421, 421|422, 422|423, 423|424, 424|425, 425|426, 426|427, 427|428, 428|429, 429|430, 430|431, 431|432, 432|433, 433|434, 434|435, 435|436, 436|437, 437|438, 438|439, 439|440, 440|441, 441|442, 442|443, 443|444, 444|445, 445|446, 446|447, 447|448, 448|449, 449|450, 450|451, 451|452, 452|453, 453|454, 454|455, 455|456, 456|457, 457|458, 458|459, 459|460, 460|461, 461|462, 462|463, 463|464, 464|465, 465|466, 466|467, 467|468, 468|469, 469|470, 470|471, 471|472, 472|473, 473|474, 474|475, 475|476, 476|477, 477|478, 478|479, 479|480, 480|481, 481|482, 482|483, 483|484, 484|485, 485|486, 486|487, 487|488, 488|489, 489|490, 490|491, 491|492, 492|493, 493|494, 494|495, 495|496, 496|497, 497|498, 498|499, 499|500, 500|501, 501|502, 502|503, 503|504, 504|505, 505|506, 506|507, 507|508, 508|509, 509|510, 510|511, 511|512, 512|513, 513|514, 514|515, 515|516, 516|517, 517|518, 518|519, 519|520, 520|521, 521|522, 522|523, 523|524, 524|525, 525|526, 526|527, 527|528, 528|529, 529|530, 530|531, 531|532, 532|533, 533|534, 534|535, 535|536, 536|537, 537|538, 538|539, 539|540, 540|541, 541|542, 542|543, 543|544, 544|545, 545|546, 546|547, 547|548, 548|549, 549|550, 550|551, 551|552, 552|553, 553|554, 554|555, 555|556, 556|557, 557|558, 558|559, 559|560, 560|561, 561|562, 562|563, 563|564, 564|565, 565|566, 566|567, 567|568, 568|569, 569|570, 570|571, 571|572, 572|573, 573|574, 574|575, 575|576, 576|577, 577|578, 578|579, 579|580, 580|581, 581|582, 582|583, 583|584, 584|585, 585|586, 586|587, 587|588, 588|589, 589|590, 590|591, 591|592, 592|593, 593|594, 594|595, 595|596, 596|597, 597|598, 598|599, 599|600, 600|601, 601|602, 602|603, 603|604, 604|605, 605|606, 606|607, 607|608, 608|609, 609|610, 610|611, 611|612, 612|613, 613|614, 614|615, 615|616, 616|617, 617|618, 618|619, 619|620, 620|621, 621|622, 622|623, 623|624, 624|625, 625|626, 626|627, 627|628, 628|629, 629|630, 630|631, 631|632, 632|633, 633|634, 634|635, 635|636, 636|637, 637|638, 638|639, 639|640, 640|641, 641|642, 642|643, 643|644, 644|645, 645|646, 646|647, 647|648, 648|649, 649|650, 650|651, 651|652, 652|653, 653|654, 654|655, 655|656, 656|657, 657|658, 658|659, 659|660, 660|661, 661|662, 662|663, 663|664, 664|665, 665|666, 666|667, 667|668, 668|669, 669|670, 670|671, 671|672, 672|673, 673|674, 674|675, 675|676, 676|677, 677|678, 678|679, 679|680, 680|681, 681|682, 682|683, 683|684, 684|685, 685|686, 686|687, 687|688, 688|689, 689|690, 690|691, 691|692, 692|693, 693|694, 694|695, 695|696, 696|697, 697|698, 698|699, 699|700, 700|701, 701|702, 702|703, 703|704, 704|705, 705|706, 706|707, 707|708, 708|709, 709|710, 710|711, 711|712, 712|713, 713|714, 714|715, 715|716, 716|717, 717|718, 718|719, 719|720, 720|721, 721|722, 722|723, 723|724, 724|725, 725|726, 726|727, 727|728, 728|729, 729|730, 730|731, 731|732, 732|733, 733|734, 734|735, 735|736, 736|737, 737|738, 738|739, 739|740, 740|741, 741|742, 742|743, 743|744, 744|745, 745|746, 746|747, 747|748, 748|749, 749|750, 750|751, 751|752, 752|753, 753|754, 754|755, 755|756, 756|757, 757|758, 758|759, 759|760, 760|761, 761|762, 762|763, 763|764, 764|765, 765|766, 766|767, 767|768, 768|769, 769|770, 770|771, 771|772, 772|773, 773|774, 774|775, 775|776, 776|777, 777 = Continued through now|999, 999 = Unknown",Integer
F2,CV,10d4d. Which of the following symptoms did you experience after your second vaccine: Decline to answer,C19VAC2DEC,Conditional (e.g. skip pattern),"blank, 1",,Integer
F2,CV,10d4e. Which of the following symptoms did you experience after your second vaccine: Unknown,C19VAC2UNK,Conditional (e.g. skip pattern),"blank, 1",,Integer
F2,CV,10e1a. When did you receive your first COVID-19 booster vaccination: month?,C19BST1MO,Conditional (e.g. skip pattern),"Integers 1-12, 88, 99","1, 1|2, 2|3, 3|4, 4|5, 5|6, 6|7, 7|8, 8|9, 9|10, 10|11, 11|12, 12|88, 88 = Decline to answer|99, 99 = Unknown",Integer
F2,CV,10e1b. When did you receive your first COVID-19 booster vaccination: year?,C19BST1YR,Conditional (e.g. skip pattern),"2020 to current year, 8888, 9999","2020 to current year|8888, 8888 = Decline to answer|9999, 9999 = Unknown",Integer
F2,CV,10e2. Which COVID-19 vaccine did you receive?,C19TBST1,Conditional (e.g. skip pattern),"Integers 1-3, 8, 9","1, Pfizer|2, Moderna|3, Other (Specify)|8, Decline to answer|9, Unsure/unknown",Integer
F2,CV,10e2a. Other specify,C19TBST1OX,Conditional (e.g. skip pattern),text,,String
F2,CV,10e3. Did you experience any symptoms within 5 days of your first COVID-19 booster vaccination?,C19SBST1,Conditional (e.g. skip pattern),"Integers 0, 1, 8, 9","0, No|1, Yes|8, Decline to answer|9, Unsure/unknown",Integer
F2,CV,10e4a. Which of the following symptoms did you experience after your first booster vaccination: Sore arm,C19BST1ARM,Conditional (e.g. skip pattern),"blank, 1",,Integer
F2,CV,10e4a1. Number of days sore arm lasted:,C19BST1ADY,Conditional (e.g. skip pattern),"Integers 1-777, 999","1, 1|2, 2|3, 3|4, 4|5, 5|6, 6|7, 7|8, 8|9, 9|10, 10|11, 11|12, 12|13, 13|14, 14|15, 15|16, 16|17, 17|18, 18|19, 19|20, 20|21, 21|22, 22|23, 23|24, 24|25, 25|26, 26|27, 27|28, 28|29, 29|30, 30|31, 31|32, 32|33, 33|34, 34|35, 35|36, 36|37, 37|38, 38|39, 39|40, 40|41, 41|42, 42|43, 43|44, 44|45, 45|46, 46|47, 47|48, 48|49, 49|50, 50|51, 51|52, 52|53, 53|54, 54|55, 55|56, 56|57, 57|58, 58|59, 59|60, 60|61, 61|62, 62|63, 63|64, 64|65, 65|66, 66|67, 67|68, 68|69, 69|70, 70|71, 71|72, 72|73, 73|74, 74|75, 75|76, 76|77, 77|78, 78|79, 79|80, 80|81, 81|82, 82|83, 83|84, 84|85, 85|86, 86|87, 87|88, 88|89, 89|90, 90|91, 91|92, 92|93, 93|94, 94|95, 95|96, 96|97, 97|98, 98|99, 99|100, 100|101, 101|102, 102|103, 103|104, 104|105, 105|106, 106|107, 107|108, 108|109, 109|110, 110|111, 111|112, 112|113, 113|114, 114|115, 115|116, 116|117, 117|118, 118|119, 119|120, 120|121, 121|122, 122|123, 123|124, 124|125, 125|126, 126|127, 127|128, 128|129, 129|130, 130|131, 131|132, 132|133, 133|134, 134|135, 135|136, 136|137, 137|138, 138|139, 139|140, 140|141, 141|142, 142|143, 143|144, 144|145, 145|146, 146|147, 147|148, 148|149, 149|150, 150|151, 151|152, 152|153, 153|154, 154|155, 155|156, 156|157, 157|158, 158|159, 159|160, 160|161, 161|162, 162|163, 163|164, 164|165, 165|166, 166|167, 167|168, 168|169, 169|170, 170|171, 171|172, 172|173, 173|174, 174|175, 175|176, 176|177, 177|178, 178|179, 179|180, 180|181, 181|182, 182|183, 183|184, 184|185, 185|186, 186|187, 187|188, 188|189, 189|190, 190|191, 191|192, 192|193, 193|194, 194|195, 195|196, 196|197, 197|198, 198|199, 199|200, 200|201, 201|202, 202|203, 203|204, 204|205, 205|206, 206|207, 207|208, 208|209, 209|210, 210|211, 211|212, 212|213, 213|214, 214|215, 215|216, 216|217, 217|218, 218|219, 219|220, 220|221, 221|222, 222|223, 223|224, 224|225, 225|226, 226|227, 227|228, 228|229, 229|230, 230|231, 231|232, 232|233, 233|234, 234|235, 235|236, 236|237, 237|238, 238|239, 239|240, 240|241, 241|242, 242|243, 243|244, 244|245, 245|246, 246|247, 247|248, 248|249, 249|250, 250|251, 251|252, 252|253, 253|254, 254|255, 255|256, 256|257, 257|258, 258|259, 259|260, 260|261, 261|262, 262|263, 263|264, 264|265, 265|266, 266|267, 267|268, 268|269, 269|270, 270|271, 271|272, 272|273, 273|274, 274|275, 275|276, 276|277, 277|278, 278|279, 279|280, 280|281, 281|282, 282|283, 283|284, 284|285, 285|286, 286|287, 287|288, 288|289, 289|290, 290|291, 291|292, 292|293, 293|294, 294|295, 295|296, 296|297, 297|298, 298|299, 299|300, 300|301, 301|302, 302|303, 303|304, 304|305, 305|306, 306|307, 307|308, 308|309, 309|310, 310|311, 311|312, 312|313, 313|314, 314|315, 315|316, 316|317, 317|318, 318|319, 319|320, 320|321, 321|322, 322|323, 323|324, 324|325, 325|326, 326|327, 327|328, 328|329, 329|330, 330|331, 331|332, 332|333, 333|334, 334|335, 335|336, 336|337, 337|338, 338|339, 339|340, 340|341, 341|342, 342|343, 343|344, 344|345, 345|346, 346|347, 347|348, 348|349, 349|350, 350|351, 351|352, 352|353, 353|354, 354|355, 355|356, 356|357, 357|358, 358|359, 359|360, 360|361, 361|362, 362|363, 363|364, 364|365, 365|366, 366|367, 367|368, 368|369, 369|370, 370|371, 371|372, 372|373, 373|374, 374|375, 375|376, 376|377, 377|378, 378|379, 379|380, 380|381, 381|382, 382|383, 383|384, 384|385, 385|386, 386|387, 387|388, 388|389, 389|390, 390|391, 391|392, 392|393, 393|394, 394|395, 395|396, 396|397, 397|398, 398|399, 399|400, 400|401, 401|402, 402|403, 403|404, 404|405, 405|406, 406|407, 407|408, 408|409, 409|410, 410|411, 411|412, 412|413, 413|414, 414|415, 415|416, 416|417, 417|418, 418|419, 419|420, 420|421, 421|422, 422|423, 423|424, 424|425, 425|426, 426|427, 427|428, 428|429, 429|430, 430|431, 431|432, 432|433, 433|434, 434|435, 435|436, 436|437, 437|438, 438|439, 439|440, 440|441, 441|442, 442|443, 443|444, 444|445, 445|446, 446|447, 447|448, 448|449, 449|450, 450|451, 451|452, 452|453, 453|454, 454|455, 455|456, 456|457, 457|458, 458|459, 459|460, 460|461, 461|462, 462|463, 463|464, 464|465, 465|466, 466|467, 467|468, 468|469, 469|470, 470|471, 471|472, 472|473, 473|474, 474|475, 475|476, 476|477, 477|478, 478|479, 479|480, 480|481, 481|482, 482|483, 483|484, 484|485, 485|486, 486|487, 487|488, 488|489, 489|490, 490|491, 491|492, 492|493, 493|494, 494|495, 495|496, 496|497, 497|498, 498|499, 499|500, 500|501, 501|502, 502|503, 503|504, 504|505, 505|506, 506|507, 507|508, 508|509, 509|510, 510|511, 511|512, 512|513, 513|514, 514|515, 515|516, 516|517, 517|518, 518|519, 519|520, 520|521, 521|522, 522|523, 523|524, 524|525, 525|526, 526|527, 527|528, 528|529, 529|530, 530|531, 531|532, 532|533, 533|534, 534|535, 535|536, 536|537, 537|538, 538|539, 539|540, 540|541, 541|542, 542|543, 543|544, 544|545, 545|546, 546|547, 547|548, 548|549, 549|550, 550|551, 551|552, 552|553, 553|554, 554|555, 555|556, 556|557, 557|558, 558|559, 559|560, 560|561, 561|562, 562|563, 563|564, 564|565, 565|566, 566|567, 567|568, 568|569, 569|570, 570|571, 571|572, 572|573, 573|574, 574|575, 575|576, 576|577, 577|578, 578|579, 579|580, 580|581, 581|582, 582|583, 583|584, 584|585, 585|586, 586|587, 587|588, 588|589, 589|590, 590|591, 591|592, 592|593, 593|594, 594|595, 595|596, 596|597, 597|598, 598|599, 599|600, 600|601, 601|602, 602|603, 603|604, 604|605, 605|606, 606|607, 607|608, 608|609, 609|610, 610|611, 611|612, 612|613, 613|614, 614|615, 615|616, 616|617, 617|618, 618|619, 619|620, 620|621, 621|622, 622|623, 623|624, 624|625, 625|626, 626|627, 627|628, 628|629, 629|630, 630|631, 631|632, 632|633, 633|634, 634|635, 635|636, 636|637, 637|638, 638|639, 639|640, 640|641, 641|642, 642|643, 643|644, 644|645, 645|646, 646|647, 647|648, 648|649, 649|650, 650|651, 651|652, 652|653, 653|654, 654|655, 655|656, 656|657, 657|658, 658|659, 659|660, 660|661, 661|662, 662|663, 663|664, 664|665, 665|666, 666|667, 667|668, 668|669, 669|670, 670|671, 671|672, 672|673, 673|674, 674|675, 675|676, 676|677, 677|678, 678|679, 679|680, 680|681, 681|682, 682|683, 683|684, 684|685, 685|686, 686|687, 687|688, 688|689, 689|690, 690|691, 691|692, 692|693, 693|694, 694|695, 695|696, 696|697, 697|698, 698|699, 699|700, 700|701, 701|702, 702|703, 703|704, 704|705, 705|706, 706|707, 707|708, 708|709, 709|710, 710|711, 711|712, 712|713, 713|714, 714|715, 715|716, 716|717, 717|718, 718|719, 719|720, 720|721, 721|722, 722|723, 723|724, 724|725, 725|726, 726|727, 727|728, 728|729, 729|730, 730|731, 731|732, 732|733, 733|734, 734|735, 735|736, 736|737, 737|738, 738|739, 739|740, 740|741, 741|742, 742|743, 743|744, 744|745, 745|746, 746|747, 747|748, 748|749, 749|750, 750|751, 751|752, 752|753, 753|754, 754|755, 755|756, 756|757, 757|758, 758|759, 759|760, 760|761, 761|762, 762|763, 763|764, 764|765, 765|766, 766|767, 767|768, 768|769, 769|770, 770|771, 771|772, 772|773, 773|774, 774|775, 775|776, 776|777, 777 = Continued through now|999, 999 = Unknown",Integer
F2,CV,"10e4b. Which of the following symptoms did you experience after your first booster vaccination: Flu-like feelings (fever, chills, tiredness, or “malaise”)",C19BST1FLU,Conditional (e.g. skip pattern),"blank, 1",,Integer
F2,CV,10e4b1. Number of days flu-like feelings lasted,C19BST1FDY,Conditional (e.g. skip pattern),"Integers 1-777, 999","1, 1|2, 2|3, 3|4, 4|5, 5|6, 6|7, 7|8, 8|9, 9|10, 10|11, 11|12, 12|13, 13|14, 14|15, 15|16, 16|17, 17|18, 18|19, 19|20, 20|21, 21|22, 22|23, 23|24, 24|25, 25|26, 26|27, 27|28, 28|29, 29|30, 30|31, 31|32, 32|33, 33|34, 34|35, 35|36, 36|37, 37|38, 38|39, 39|40, 40|41, 41|42, 42|43, 43|44, 44|45, 45|46, 46|47, 47|48, 48|49, 49|50, 50|51, 51|52, 52|53, 53|54, 54|55, 55|56, 56|57, 57|58, 58|59, 59|60, 60|61, 61|62, 62|63, 63|64, 64|65, 65|66, 66|67, 67|68, 68|69, 69|70, 70|71, 71|72, 72|73, 73|74, 74|75, 75|76, 76|77, 77|78, 78|79, 79|80, 80|81, 81|82, 82|83, 83|84, 84|85, 85|86, 86|87, 87|88, 88|89, 89|90, 90|91, 91|92, 92|93, 93|94, 94|95, 95|96, 96|97, 97|98, 98|99, 99|100, 100|101, 101|102, 102|103, 103|104, 104|105, 105|106, 106|107, 107|108, 108|109, 109|110, 110|111, 111|112, 112|113, 113|114, 114|115, 115|116, 116|117, 117|118, 118|119, 119|120, 120|121, 121|122, 122|123, 123|124, 124|125, 125|126, 126|127, 127|128, 128|129, 129|130, 130|131, 131|132, 132|133, 133|134, 134|135, 135|136, 136|137, 137|138, 138|139, 139|140, 140|141, 141|142, 142|143, 143|144, 144|145, 145|146, 146|147, 147|148, 148|149, 149|150, 150|151, 151|152, 152|153, 153|154, 154|155, 155|156, 156|157, 157|158, 158|159, 159|160, 160|161, 161|162, 162|163, 163|164, 164|165, 165|166, 166|167, 167|168, 168|169, 169|170, 170|171, 171|172, 172|173, 173|174, 174|175, 175|176, 176|177, 177|178, 178|179, 179|180, 180|181, 181|182, 182|183, 183|184, 184|185, 185|186, 186|187, 187|188, 188|189, 189|190, 190|191, 191|192, 192|193, 193|194, 194|195, 195|196, 196|197, 197|198, 198|199, 199|200, 200|201, 201|202, 202|203, 203|204, 204|205, 205|206, 206|207, 207|208, 208|209, 209|210, 210|211, 211|212, 212|213, 213|214, 214|215, 215|216, 216|217, 217|218, 218|219, 219|220, 220|221, 221|222, 222|223, 223|224, 224|225, 225|226, 226|227, 227|228, 228|229, 229|230, 230|231, 231|232, 232|233, 233|234, 234|235, 235|236, 236|237, 237|238, 238|239, 239|240, 240|241, 241|242, 242|243, 243|244, 244|245, 245|246, 246|247, 247|248, 248|249, 249|250, 250|251, 251|252, 252|253, 253|254, 254|255, 255|256, 256|257, 257|258, 258|259, 259|260, 260|261, 261|262, 262|263, 263|264, 264|265, 265|266, 266|267, 267|268, 268|269, 269|270, 270|271, 271|272, 272|273, 273|274, 274|275, 275|276, 276|277, 277|278, 278|279, 279|280, 280|281, 281|282, 282|283, 283|284, 284|285, 285|286, 286|287, 287|288, 288|289, 289|290, 290|291, 291|292, 292|293, 293|294, 294|295, 295|296, 296|297, 297|298, 298|299, 299|300, 300|301, 301|302, 302|303, 303|304, 304|305, 305|306, 306|307, 307|308, 308|309, 309|310, 310|311, 311|312, 312|313, 313|314, 314|315, 315|316, 316|317, 317|318, 318|319, 319|320, 320|321, 321|322, 322|323, 323|324, 324|325, 325|326, 326|327, 327|328, 328|329, 329|330, 330|331, 331|332, 332|333, 333|334, 334|335, 335|336, 336|337, 337|338, 338|339, 339|340, 340|341, 341|342, 342|343, 343|344, 344|345, 345|346, 346|347, 347|348, 348|349, 349|350, 350|351, 351|352, 352|353, 353|354, 354|355, 355|356, 356|357, 357|358, 358|359, 359|360, 360|361, 361|362, 362|363, 363|364, 364|365, 365|366, 366|367, 367|368, 368|369, 369|370, 370|371, 371|372, 372|373, 373|374, 374|375, 375|376, 376|377, 377|378, 378|379, 379|380, 380|381, 381|382, 382|383, 383|384, 384|385, 385|386, 386|387, 387|388, 388|389, 389|390, 390|391, 391|392, 392|393, 393|394, 394|395, 395|396, 396|397, 397|398, 398|399, 399|400, 400|401, 401|402, 402|403, 403|404, 404|405, 405|406, 406|407, 407|408, 408|409, 409|410, 410|411, 411|412, 412|413, 413|414, 414|415, 415|416, 416|417, 417|418, 418|419, 419|420, 420|421, 421|422, 422|423, 423|424, 424|425, 425|426, 426|427, 427|428, 428|429, 429|430, 430|431, 431|432, 432|433, 433|434, 434|435, 435|436, 436|437, 437|438, 438|439, 439|440, 440|441, 441|442, 442|443, 443|444, 444|445, 445|446, 446|447, 447|448, 448|449, 449|450, 450|451, 451|452, 452|453, 453|454, 454|455, 455|456, 456|457, 457|458, 458|459, 459|460, 460|461, 461|462, 462|463, 463|464, 464|465, 465|466, 466|467, 467|468, 468|469, 469|470, 470|471, 471|472, 472|473, 473|474, 474|475, 475|476, 476|477, 477|478, 478|479, 479|480, 480|481, 481|482, 482|483, 483|484, 484|485, 485|486, 486|487, 487|488, 488|489, 489|490, 490|491, 491|492, 492|493, 493|494, 494|495, 495|496, 496|497, 497|498, 498|499, 499|500, 500|501, 501|502, 502|503, 503|504, 504|505, 505|506, 506|507, 507|508, 508|509, 509|510, 510|511, 511|512, 512|513, 513|514, 514|515, 515|516, 516|517, 517|518, 518|519, 519|520, 520|521, 521|522, 522|523, 523|524, 524|525, 525|526, 526|527, 527|528, 528|529, 529|530, 530|531, 531|532, 532|533, 533|534, 534|535, 535|536, 536|537, 537|538, 538|539, 539|540, 540|541, 541|542, 542|543, 543|544, 544|545, 545|546, 546|547, 547|548, 548|549, 549|550, 550|551, 551|552, 552|553, 553|554, 554|555, 555|556, 556|557, 557|558, 558|559, 559|560, 560|561, 561|562, 562|563, 563|564, 564|565, 565|566, 566|567, 567|568, 568|569, 569|570, 570|571, 571|572, 572|573, 573|574, 574|575, 575|576, 576|577, 577|578, 578|579, 579|580, 580|581, 581|582, 582|583, 583|584, 584|585, 585|586, 586|587, 587|588, 588|589, 589|590, 590|591, 591|592, 592|593, 593|594, 594|595, 595|596, 596|597, 597|598, 598|599, 599|600, 600|601, 601|602, 602|603, 603|604, 604|605, 605|606, 606|607, 607|608, 608|609, 609|610, 610|611, 611|612, 612|613, 613|614, 614|615, 615|616, 616|617, 617|618, 618|619, 619|620, 620|621, 621|622, 622|623, 623|624, 624|625, 625|626, 626|627, 627|628, 628|629, 629|630, 630|631, 631|632, 632|633, 633|634, 634|635, 635|636, 636|637, 637|638, 638|639, 639|640, 640|641, 641|642, 642|643, 643|644, 644|645, 645|646, 646|647, 647|648, 648|649, 649|650, 650|651, 651|652, 652|653, 653|654, 654|655, 655|656, 656|657, 657|658, 658|659, 659|660, 660|661, 661|662, 662|663, 663|664, 664|665, 665|666, 666|667, 667|668, 668|669, 669|670, 670|671, 671|672, 672|673, 673|674, 674|675, 675|676, 676|677, 677|678, 678|679, 679|680, 680|681, 681|682, 682|683, 683|684, 684|685, 685|686, 686|687, 687|688, 688|689, 689|690, 690|691, 691|692, 692|693, 693|694, 694|695, 695|696, 696|697, 697|698, 698|699, 699|700, 700|701, 701|702, 702|703, 703|704, 704|705, 705|706, 706|707, 707|708, 708|709, 709|710, 710|711, 711|712, 712|713, 713|714, 714|715, 715|716, 716|717, 717|718, 718|719, 719|720, 720|721, 721|722, 722|723, 723|724, 724|725, 725|726, 726|727, 727|728, 728|729, 729|730, 730|731, 731|732, 732|733, 733|734, 734|735, 735|736, 736|737, 737|738, 738|739, 739|740, 740|741, 741|742, 742|743, 743|744, 744|745, 745|746, 746|747, 747|748, 748|749, 749|750, 750|751, 751|752, 752|753, 753|754, 754|755, 755|756, 756|757, 757|758, 758|759, 759|760, 760|761, 761|762, 762|763, 763|764, 764|765, 765|766, 766|767, 767|768, 768|769, 769|770, 770|771, 771|772, 772|773, 773|774, 774|775, 775|776, 776|777, 777 = Continued through now|999, 999 = Unknown",Integer
F2,CV,"10e4c. Which of the following symptoms did you experience after your first booster vaccination: New problems with memory, thinking, or concentration",C19BST1MEM,Conditional (e.g. skip pattern),"blank, 1",,Integer
F2,CV,"10e4c1. Number of days new problems with memory, thinking, or concentration lasted:",C19BST1MDY,Conditional (e.g. skip pattern),"Integers 1-777, 999","1, 1|2, 2|3, 3|4, 4|5, 5|6, 6|7, 7|8, 8|9, 9|10, 10|11, 11|12, 12|13, 13|14, 14|15, 15|16, 16|17, 17|18, 18|19, 19|20, 20|21, 21|22, 22|23, 23|24, 24|25, 25|26, 26|27, 27|28, 28|29, 29|30, 30|31, 31|32, 32|33, 33|34, 34|35, 35|36, 36|37, 37|38, 38|39, 39|40, 40|41, 41|42, 42|43, 43|44, 44|45, 45|46, 46|47, 47|48, 48|49, 49|50, 50|51, 51|52, 52|53, 53|54, 54|55, 55|56, 56|57, 57|58, 58|59, 59|60, 60|61, 61|62, 62|63, 63|64, 64|65, 65|66, 66|67, 67|68, 68|69, 69|70, 70|71, 71|72, 72|73, 73|74, 74|75, 75|76, 76|77, 77|78, 78|79, 79|80, 80|81, 81|82, 82|83, 83|84, 84|85, 85|86, 86|87, 87|88, 88|89, 89|90, 90|91, 91|92, 92|93, 93|94, 94|95, 95|96, 96|97, 97|98, 98|99, 99|100, 100|101, 101|102, 102|103, 103|104, 104|105, 105|106, 106|107, 107|108, 108|109, 109|110, 110|111, 111|112, 112|113, 113|114, 114|115, 115|116, 116|117, 117|118, 118|119, 119|120, 120|121, 121|122, 122|123, 123|124, 124|125, 125|126, 126|127, 127|128, 128|129, 129|130, 130|131, 131|132, 132|133, 133|134, 134|135, 135|136, 136|137, 137|138, 138|139, 139|140, 140|141, 141|142, 142|143, 143|144, 144|145, 145|146, 146|147, 147|148, 148|149, 149|150, 150|151, 151|152, 152|153, 153|154, 154|155, 155|156, 156|157, 157|158, 158|159, 159|160, 160|161, 161|162, 162|163, 163|164, 164|165, 165|166, 166|167, 167|168, 168|169, 169|170, 170|171, 171|172, 172|173, 173|174, 174|175, 175|176, 176|177, 177|178, 178|179, 179|180, 180|181, 181|182, 182|183, 183|184, 184|185, 185|186, 186|187, 187|188, 188|189, 189|190, 190|191, 191|192, 192|193, 193|194, 194|195, 195|196, 196|197, 197|198, 198|199, 199|200, 200|201, 201|202, 202|203, 203|204, 204|205, 205|206, 206|207, 207|208, 208|209, 209|210, 210|211, 211|212, 212|213, 213|214, 214|215, 215|216, 216|217, 217|218, 218|219, 219|220, 220|221, 221|222, 222|223, 223|224, 224|225, 225|226, 226|227, 227|228, 228|229, 229|230, 230|231, 231|232, 232|233, 233|234, 234|235, 235|236, 236|237, 237|238, 238|239, 239|240, 240|241, 241|242, 242|243, 243|244, 244|245, 245|246, 246|247, 247|248, 248|249, 249|250, 250|251, 251|252, 252|253, 253|254, 254|255, 255|256, 256|257, 257|258, 258|259, 259|260, 260|261, 261|262, 262|263, 263|264, 264|265, 265|266, 266|267, 267|268, 268|269, 269|270, 270|271, 271|272, 272|273, 273|274, 274|275, 275|276, 276|277, 277|278, 278|279, 279|280, 280|281, 281|282, 282|283, 283|284, 284|285, 285|286, 286|287, 287|288, 288|289, 289|290, 290|291, 291|292, 292|293, 293|294, 294|295, 295|296, 296|297, 297|298, 298|299, 299|300, 300|301, 301|302, 302|303, 303|304, 304|305, 305|306, 306|307, 307|308, 308|309, 309|310, 310|311, 311|312, 312|313, 313|314, 314|315, 315|316, 316|317, 317|318, 318|319, 319|320, 320|321, 321|322, 322|323, 323|324, 324|325, 325|326, 326|327, 327|328, 328|329, 329|330, 330|331, 331|332, 332|333, 333|334, 334|335, 335|336, 336|337, 337|338, 338|339, 339|340, 340|341, 341|342, 342|343, 343|344, 344|345, 345|346, 346|347, 347|348, 348|349, 349|350, 350|351, 351|352, 352|353, 353|354, 354|355, 355|356, 356|357, 357|358, 358|359, 359|360, 360|361, 361|362, 362|363, 363|364, 364|365, 365|366, 366|367, 367|368, 368|369, 369|370, 370|371, 371|372, 372|373, 373|374, 374|375, 375|376, 376|377, 377|378, 378|379, 379|380, 380|381, 381|382, 382|383, 383|384, 384|385, 385|386, 386|387, 387|388, 388|389, 389|390, 390|391, 391|392, 392|393, 393|394, 394|395, 395|396, 396|397, 397|398, 398|399, 399|400, 400|401, 401|402, 402|403, 403|404, 404|405, 405|406, 406|407, 407|408, 408|409, 409|410, 410|411, 411|412, 412|413, 413|414, 414|415, 415|416, 416|417, 417|418, 418|419, 419|420, 420|421, 421|422, 422|423, 423|424, 424|425, 425|426, 426|427, 427|428, 428|429, 429|430, 430|431, 431|432, 432|433, 433|434, 434|435, 435|436, 436|437, 437|438, 438|439, 439|440, 440|441, 441|442, 442|443, 443|444, 444|445, 445|446, 446|447, 447|448, 448|449, 449|450, 450|451, 451|452, 452|453, 453|454, 454|455, 455|456, 456|457, 457|458, 458|459, 459|460, 460|461, 461|462, 462|463, 463|464, 464|465, 465|466, 466|467, 467|468, 468|469, 469|470, 470|471, 471|472, 472|473, 473|474, 474|475, 475|476, 476|477, 477|478, 478|479, 479|480, 480|481, 481|482, 482|483, 483|484, 484|485, 485|486, 486|487, 487|488, 488|489, 489|490, 490|491, 491|492, 492|493, 493|494, 494|495, 495|496, 496|497, 497|498, 498|499, 499|500, 500|501, 501|502, 502|503, 503|504, 504|505, 505|506, 506|507, 507|508, 508|509, 509|510, 510|511, 511|512, 512|513, 513|514, 514|515, 515|516, 516|517, 517|518, 518|519, 519|520, 520|521, 521|522, 522|523, 523|524, 524|525, 525|526, 526|527, 527|528, 528|529, 529|530, 530|531, 531|532, 532|533, 533|534, 534|535, 535|536, 536|537, 537|538, 538|539, 539|540, 540|541, 541|542, 542|543, 543|544, 544|545, 545|546, 546|547, 547|548, 548|549, 549|550, 550|551, 551|552, 552|553, 553|554, 554|555, 555|556, 556|557, 557|558, 558|559, 559|560, 560|561, 561|562, 562|563, 563|564, 564|565, 565|566, 566|567, 567|568, 568|569, 569|570, 570|571, 571|572, 572|573, 573|574, 574|575, 575|576, 576|577, 577|578, 578|579, 579|580, 580|581, 581|582, 582|583, 583|584, 584|585, 585|586, 586|587, 587|588, 588|589, 589|590, 590|591, 591|592, 592|593, 593|594, 594|595, 595|596, 596|597, 597|598, 598|599, 599|600, 600|601, 601|602, 602|603, 603|604, 604|605, 605|606, 606|607, 607|608, 608|609, 609|610, 610|611, 611|612, 612|613, 613|614, 614|615, 615|616, 616|617, 617|618, 618|619, 619|620, 620|621, 621|622, 622|623, 623|624, 624|625, 625|626, 626|627, 627|628, 628|629, 629|630, 630|631, 631|632, 632|633, 633|634, 634|635, 635|636, 636|637, 637|638, 638|639, 639|640, 640|641, 641|642, 642|643, 643|644, 644|645, 645|646, 646|647, 647|648, 648|649, 649|650, 650|651, 651|652, 652|653, 653|654, 654|655, 655|656, 656|657, 657|658, 658|659, 659|660, 660|661, 661|662, 662|663, 663|664, 664|665, 665|666, 666|667, 667|668, 668|669, 669|670, 670|671, 671|672, 672|673, 673|674, 674|675, 675|676, 676|677, 677|678, 678|679, 679|680, 680|681, 681|682, 682|683, 683|684, 684|685, 685|686, 686|687, 687|688, 688|689, 689|690, 690|691, 691|692, 692|693, 693|694, 694|695, 695|696, 696|697, 697|698, 698|699, 699|700, 700|701, 701|702, 702|703, 703|704, 704|705, 705|706, 706|707, 707|708, 708|709, 709|710, 710|711, 711|712, 712|713, 713|714, 714|715, 715|716, 716|717, 717|718, 718|719, 719|720, 720|721, 721|722, 722|723, 723|724, 724|725, 725|726, 726|727, 727|728, 728|729, 729|730, 730|731, 731|732, 732|733, 733|734, 734|735, 735|736, 736|737, 737|738, 738|739, 739|740, 740|741, 741|742, 742|743, 743|744, 744|745, 745|746, 746|747, 747|748, 748|749, 749|750, 750|751, 751|752, 752|753, 753|754, 754|755, 755|756, 756|757, 757|758, 758|759, 759|760, 760|761, 761|762, 762|763, 763|764, 764|765, 765|766, 766|767, 767|768, 768|769, 769|770, 770|771, 771|772, 772|773, 773|774, 774|775, 775|776, 776|777, 777 = Continued through now|999, 999 = Unknown",Integer
F2,CV,10e4d. Which of the following symptoms did you experience after your first booster vaccination: Decline to answer,C19BST1DEC,Conditional (e.g. skip pattern),"blank, 1",,Integer
F2,CV,10e4e. Which of the following symptoms did you experience after your first booster vaccination: Unknown,C19BST1UNK,Conditional (e.g. skip pattern),"blank, 1",,Integer
F2,CV,10fa. When was your most recent COVID-19 vaccination/booster: month,C19BSTRMO,Conditional (e.g. skip pattern),"Integers 1-12, 88, 99","1, 1|2, 2|3, 3|4, 4|5, 5|6, 6|7, 7|8, 8|9, 9|10, 10|11, 11|12, 12|88, 88 = Decline to answer|99, 99 = Unknown",Integer
F2,CV,10fb. When was your most recent COVID-19 vaccination/booster: year,C19BSTRYR,Conditional (e.g. skip pattern),"2020 to current year, 8888, 9999","2020 to current year|8888, 8888 = Decline to answer|9999, 9999 = Unknown",Integer
F2,CV,11. Do you need help in setting up a COVID vaccination for yourself?,C19VHELP,Always,"Integers 0, 1, 8, 9","0, No|1, Yes|8, Decline to answer|9, Unsure/unknown",Integer
F2,CV,"12. On a scale of 1-5, how worried are you that you will get COVID-19 (or, if previously infected, worried that you will get it again)?",C19WORRY,Always,"Integers 1-5, 8","1, Not at all worried| 2, A little worried| 3, Somewhat worried|4, Very worried |5, Extremely worried|8, Decline to answer",Integer
F2,CV,"13. On a scale of 1-5, how disruptive has the COVID-19 pandemic been to your everyday life?",C19DIS,Always,"Integers 1-5, 8","1, Not at all disruptive| 2, A little disruptive| 3, Somewhat disruptive|4, Very disruptive|5, Extremely disruptive|8, Decline to answer",Integer
F2,CV,14. On a scale of 1-6 (with 1 being “I can shake off stress” and 6 being “Stress eats away at me”) how would you rate your ability to handle stress?,C19COPEST,Always,"Integers 1-6, 8","1, I can shake off stress | 2, 2 | 3, 3 | 4, 4 | 5, 5 | 6, Stress eats away at me | 8, Decline to answer",Integer
F2,CV,"15. In the past year, on a scale of 1-6 with 1 being “no stress” and 6 being “extreme stress” how would you rate the amount of stress in your life (at home and at work)?",C19AMST,Always,"Integers 1-6, 8","1, No stress | 2, 2 | 3, 3 | 4, 4 | 5, 5 | 6, Extreme stress | 8, Decline to answer",Integer
F2,CV,"16. On a scale of 1-5, how much has COVID-19 changed your willingness to participate in clinical research if it requires in-person visits to the research clinic?",C19PRE,Always,"Integers 1-5, 8","1, Not at all| 2, A little| 3, Somewhat |4, Very much|5, Extremely|8, Decline to answer",Integer
